law_name,kind,number,source_file
"Code of Criminal Procedure 1898","section","227","CrPC.pdf.txt"
"Code of Criminal Procedure 1898","section","247","CrPC.pdf.txt"
"Code of Criminal Procedure 1898","section","480","CrPC.pdf.txt"
"Code of Criminal Procedure 1898","section","505","CrPC.pdf.txt"
"Code of Criminal Procedure 1898","section","533","CrPC.pdf.txt"
"Pakistan Penal Code 1860","section","16","Pakistan Penal Code.pdf.txt"
"Pakistan Penal Code 1860","section","59","Pakistan Penal Code.pdf.txt"
"Pakistan Penal Code 1860","section","62","Pakistan Penal Code.pdf.txt"
"Pakistan Penal Code 1860","section","373","Pakistan Penal Code.pdf.txt"
"Pakistan Penal Code 1860","section","498","Pakistan Penal Code.pdf.txt"
"Qanun-e-Shahadat Order 1984","section","14","qanun-e-shahadat-order-1984.pdf.txt"
"Qanun-e-Shahadat Order 1984","section","18","qanun-e-shahadat-order-1984.pdf.txt"
"Qanun-e-Shahadat Order 1984","section","20","qanun-e-shahadat-order-1984.pdf.txt"
"Qanun-e-Shahadat Order 1984","section","23","qanun-e-shahadat-order-1984.pdf.txt"
"Qanun-e-Shahadat Order 1984","section","25","qanun-e-shahadat-order-1984.pdf.txt"
"Qanun-e-Shahadat Order 1984","section","27","qanun-e-shahadat-order-1984.pdf.txt"
"Qanun-e-Shahadat Order 1984","section","28","qanun-e-shahadat-order-1984.pdf.txt"
"Qanun-e-Shahadat Order 1984","section","29","qanun-e-shahadat-order-1984.pdf.txt"
"Qanun-e-Shahadat Order 1984","section","32","qanun-e-shahadat-order-1984.pdf.txt"
"Qanun-e-Shahadat Order 1984","section","33","qanun-e-shahadat-order-1984.pdf.txt"
"Qanun-e-Shahadat Order 1984","section","34","qanun-e-shahadat-order-1984.pdf.txt"
"Qanun-e-Shahadat Order 1984","section","35","qanun-e-shahadat-order-1984.pdf.txt"
"Qanun-e-Shahadat Order 1984","section","37","qanun-e-shahadat-order-1984.pdf.txt"
"Qanun-e-Shahadat Order 1984","section","39","qanun-e-shahadat-order-1984.pdf.txt"
"Qanun-e-Shahadat Order 1984","section","40","qanun-e-shahadat-order-1984.pdf.txt"
"Qanun-e-Shahadat Order 1984","section","41","qanun-e-shahadat-order-1984.pdf.txt"
"Qanun-e-Shahadat Order 1984","section","42","qanun-e-shahadat-order-1984.pdf.txt"
"Qanun-e-Shahadat Order 1984","section","43","qanun-e-shahadat-order-1984.pdf.txt"
"Qanun-e-Shahadat Order 1984","section","46","qanun-e-shahadat-order-1984.pdf.txt"
"Qanun-e-Shahadat Order 1984","section","47","qanun-e-shahadat-order-1984.pdf.txt"
"Qanun-e-Shahadat Order 1984","section","51","qanun-e-shahadat-order-1984.pdf.txt"
"Qanun-e-Shahadat Order 1984","section","53","qanun-e-shahadat-order-1984.pdf.txt"
"Qanun-e-Shahadat Order 1984","section","56","qanun-e-shahadat-order-1984.pdf.txt"
"Qanun-e-Shahadat Order 1984","section","57","qanun-e-shahadat-order-1984.pdf.txt"
"Qanun-e-Shahadat Order 1984","section","58","qanun-e-shahadat-order-1984.pdf.txt"
"Qanun-e-Shahadat Order 1984","section","65","qanun-e-shahadat-order-1984.pdf.txt"
"Qanun-e-Shahadat Order 1984","section","66","qanun-e-shahadat-order-1984.pdf.txt"
"Qanun-e-Shahadat Order 1984","section","68","qanun-e-shahadat-order-1984.pdf.txt"
"Qanun-e-Shahadat Order 1984","section","69","qanun-e-shahadat-order-1984.pdf.txt"
"Qanun-e-Shahadat Order 1984","section","71","qanun-e-shahadat-order-1984.pdf.txt"
"Qanun-e-Shahadat Order 1984","section","78","qanun-e-shahadat-order-1984.pdf.txt"
"Qanun-e-Shahadat Order 1984","section","99","qanun-e-shahadat-order-1984.pdf.txt"
"Qanun-e-Shahadat Order 1984","section","101","qanun-e-shahadat-order-1984.pdf.txt"
"Qanun-e-Shahadat Order 1984","section","102","qanun-e-shahadat-order-1984.pdf.txt"
"Qanun-e-Shahadat Order 1984","section","104","qanun-e-shahadat-order-1984.pdf.txt"
"Qanun-e-Shahadat Order 1984","section","105","qanun-e-shahadat-order-1984.pdf.txt"
"Qanun-e-Shahadat Order 1984","section","106","qanun-e-shahadat-order-1984.pdf.txt"
"Qanun-e-Shahadat Order 1984","section","107","qanun-e-shahadat-order-1984.pdf.txt"
"Qanun-e-Shahadat Order 1984","section","109","qanun-e-shahadat-order-1984.pdf.txt"
"Qanun-e-Shahadat Order 1984","section","110","qanun-e-shahadat-order-1984.pdf.txt"
"Qanun-e-Shahadat Order 1984","section","113","qanun-e-shahadat-order-1984.pdf.txt"
"Qanun-e-Shahadat Order 1984","section","115","qanun-e-shahadat-order-1984.pdf.txt"
"Qanun-e-Shahadat Order 1984","section","116","qanun-e-shahadat-order-1984.pdf.txt"
"Qanun-e-Shahadat Order 1984","section","123","qanun-e-shahadat-order-1984.pdf.txt"
"Qanun-e-Shahadat Order 1984","section","124","qanun-e-shahadat-order-1984.pdf.txt"
"Qanun-e-Shahadat Order 1984","section","125","qanun-e-shahadat-order-1984.pdf.txt"
"Qanun-e-Shahadat Order 1984","section","127","qanun-e-shahadat-order-1984.pdf.txt"
"Qanun-e-Shahadat Order 1984","section","143","qanun-e-shahadat-order-1984.pdf.txt"
"Qanun-e-Shahadat Order 1984","section","145","qanun-e-shahadat-order-1984.pdf.txt"
"Qanun-e-Shahadat Order 1984","section","147","qanun-e-shahadat-order-1984.pdf.txt"
"Qanun-e-Shahadat Order 1984","section","149","qanun-e-shahadat-order-1984.pdf.txt"
"Qanun-e-Shahadat Order 1984","section","152","qanun-e-shahadat-order-1984.pdf.txt"
"Qanun-e-Shahadat Order 1984","section","153","qanun-e-shahadat-order-1984.pdf.txt"
"Qanun-e-Shahadat Order 1984","section","154","qanun-e-shahadat-order-1984.pdf.txt"
"Qanun-e-Shahadat Order 1984","section","157","qanun-e-shahadat-order-1984.pdf.txt"
"Qanun-e-Shahadat Order 1984","section","159","qanun-e-shahadat-order-1984.pdf.txt"
"Qanun-e-Shahadat Order 1984","section","160","qanun-e-shahadat-order-1984.pdf.txt"
"Qanun-e-Shahadat Order 1984","section","161","qanun-e-shahadat-order-1984.pdf.txt"
"Qanun-e-Shahadat Order 1984","section","162","qanun-e-shahadat-order-1984.pdf.txt"
"Qanun-e-Shahadat Order 1984","section","163","qanun-e-shahadat-order-1984.pdf.txt"
"Qanun-e-Shahadat Order 1984","section","164","qanun-e-shahadat-order-1984.pdf.txt"
"Qanun-e-Shahadat Order 1984","section","166","qanun-e-shahadat-order-1984.pdf.txt"
"Qanun-e-Shahadat Order 1984","section","1","qanun-e-shahadat-order-1984.pdf.txt"
"Qanun-e-Shahadat Order 1984","section","2","qanun-e-shahadat-order-1984.pdf.txt"
"Qanun-e-Shahadat Order 1984","section","3","qanun-e-shahadat-order-1984.pdf.txt"
"Qanun-e-Shahadat Order 1984","section","4","qanun-e-shahadat-order-1984.pdf.txt"
"Qanun-e-Shahadat Order 1984","section","5","qanun-e-shahadat-order-1984.pdf.txt"
"Qanun-e-Shahadat Order 1984","section","6","qanun-e-shahadat-order-1984.pdf.txt"
"Qanun-e-Shahadat Order 1984","section","7","qanun-e-shahadat-order-1984.pdf.txt"
"Qanun-e-Shahadat Order 1984","section","8","qanun-e-shahadat-order-1984.pdf.txt"
"Qanun-e-Shahadat Order 1984","section","9","qanun-e-shahadat-order-1984.pdf.txt"
"Qanun-e-Shahadat Order 1984","section","10","qanun-e-shahadat-order-1984.pdf.txt"
"Qanun-e-Shahadat Order 1984","section","11","qanun-e-shahadat-order-1984.pdf.txt"
"Qanun-e-Shahadat Order 1984","section","12","qanun-e-shahadat-order-1984.pdf.txt"
"Qanun-e-Shahadat Order 1984","section","13","qanun-e-shahadat-order-1984.pdf.txt"
"Qanun-e-Shahadat Order 1984","section","15","qanun-e-shahadat-order-1984.pdf.txt"
"Qanun-e-Shahadat Order 1984","section","16","qanun-e-shahadat-order-1984.pdf.txt"
"Qanun-e-Shahadat Order 1984","section","17","qanun-e-shahadat-order-1984.pdf.txt"
"Qanun-e-Shahadat Order 1984","section","19","qanun-e-shahadat-order-1984.pdf.txt"
"Qanun-e-Shahadat Order 1984","section","21","qanun-e-shahadat-order-1984.pdf.txt"
"Qanun-e-Shahadat Order 1984","section","22","qanun-e-shahadat-order-1984.pdf.txt"
"Qanun-e-Shahadat Order 1984","section","24","qanun-e-shahadat-order-1984.pdf.txt"
"Qanun-e-Shahadat Order 1984","section","26","qanun-e-shahadat-order-1984.pdf.txt"
"Qanun-e-Shahadat Order 1984","section","30","qanun-e-shahadat-order-1984.pdf.txt"
"Qanun-e-Shahadat Order 1984","section","36","qanun-e-shahadat-order-1984.pdf.txt"
"Qanun-e-Shahadat Order 1984","section","38","qanun-e-shahadat-order-1984.pdf.txt"
"Qanun-e-Shahadat Order 1984","section","44","qanun-e-shahadat-order-1984.pdf.txt"
"Qanun-e-Shahadat Order 1984","section","45","qanun-e-shahadat-order-1984.pdf.txt"
"Qanun-e-Shahadat Order 1984","section","48","qanun-e-shahadat-order-1984.pdf.txt"
"Qanun-e-Shahadat Order 1984","section","49","qanun-e-shahadat-order-1984.pdf.txt"
"Qanun-e-Shahadat Order 1984","section","50","qanun-e-shahadat-order-1984.pdf.txt"
"Qanun-e-Shahadat Order 1984","section","52","qanun-e-shahadat-order-1984.pdf.txt"
"Qanun-e-Shahadat Order 1984","section","54","qanun-e-shahadat-order-1984.pdf.txt"
"Qanun-e-Shahadat Order 1984","section","55","qanun-e-shahadat-order-1984.pdf.txt"
"Qanun-e-Shahadat Order 1984","section","59","qanun-e-shahadat-order-1984.pdf.txt"
"Qanun-e-Shahadat Order 1984","section","60","qanun-e-shahadat-order-1984.pdf.txt"
"Qanun-e-Shahadat Order 1984","section","61","qanun-e-shahadat-order-1984.pdf.txt"
"Qanun-e-Shahadat Order 1984","section","62","qanun-e-shahadat-order-1984.pdf.txt"
"Qanun-e-Shahadat Order 1984","section","63","qanun-e-shahadat-order-1984.pdf.txt"
"Qanun-e-Shahadat Order 1984","section","64","qanun-e-shahadat-order-1984.pdf.txt"
"Qanun-e-Shahadat Order 1984","section","67","qanun-e-shahadat-order-1984.pdf.txt"
"Qanun-e-Shahadat Order 1984","section","70","qanun-e-shahadat-order-1984.pdf.txt"
"Qanun-e-Shahadat Order 1984","section","72","qanun-e-shahadat-order-1984.pdf.txt"
"Qanun-e-Shahadat Order 1984","section","73","qanun-e-shahadat-order-1984.pdf.txt"
"Qanun-e-Shahadat Order 1984","section","74","qanun-e-shahadat-order-1984.pdf.txt"
"Qanun-e-Shahadat Order 1984","section","75","qanun-e-shahadat-order-1984.pdf.txt"
"Qanun-e-Shahadat Order 1984","section","76","qanun-e-shahadat-order-1984.pdf.txt"
"Qanun-e-Shahadat Order 1984","section","77","qanun-e-shahadat-order-1984.pdf.txt"
"Qanun-e-Shahadat Order 1984","section","79","qanun-e-shahadat-order-1984.pdf.txt"
"Qanun-e-Shahadat Order 1984","section","80","qanun-e-shahadat-order-1984.pdf.txt"
"Qanun-e-Shahadat Order 1984","section","81","qanun-e-shahadat-order-1984.pdf.txt"
"Qanun-e-Shahadat Order 1984","section","82","qanun-e-shahadat-order-1984.pdf.txt"
"Qanun-e-Shahadat Order 1984","section","83","qanun-e-shahadat-order-1984.pdf.txt"
"Qanun-e-Shahadat Order 1984","section","84","qanun-e-shahadat-order-1984.pdf.txt"
"Qanun-e-Shahadat Order 1984","section","85","qanun-e-shahadat-order-1984.pdf.txt"
"Qanun-e-Shahadat Order 1984","section","87","qanun-e-shahadat-order-1984.pdf.txt"
"Qanun-e-Shahadat Order 1984","section","88","qanun-e-shahadat-order-1984.pdf.txt"
"Qanun-e-Shahadat Order 1984","section","89","qanun-e-shahadat-order-1984.pdf.txt"
"Qanun-e-Shahadat Order 1984","section","90","qanun-e-shahadat-order-1984.pdf.txt"
"Qanun-e-Shahadat Order 1984","section","91","qanun-e-shahadat-order-1984.pdf.txt"
"Qanun-e-Shahadat Order 1984","section","92","qanun-e-shahadat-order-1984.pdf.txt"
"Qanun-e-Shahadat Order 1984","section","93","qanun-e-shahadat-order-1984.pdf.txt"
"Qanun-e-Shahadat Order 1984","section","94","qanun-e-shahadat-order-1984.pdf.txt"
"Qanun-e-Shahadat Order 1984","section","95","qanun-e-shahadat-order-1984.pdf.txt"
"Qanun-e-Shahadat Order 1984","section","96","qanun-e-shahadat-order-1984.pdf.txt"
"Qanun-e-Shahadat Order 1984","section","97","qanun-e-shahadat-order-1984.pdf.txt"
"Qanun-e-Shahadat Order 1984","section","98","qanun-e-shahadat-order-1984.pdf.txt"
"Qanun-e-Shahadat Order 1984","section","100","qanun-e-shahadat-order-1984.pdf.txt"
"Qanun-e-Shahadat Order 1984","section","103","qanun-e-shahadat-order-1984.pdf.txt"
"Qanun-e-Shahadat Order 1984","section","108","qanun-e-shahadat-order-1984.pdf.txt"
"Qanun-e-Shahadat Order 1984","section","111","qanun-e-shahadat-order-1984.pdf.txt"
"Qanun-e-Shahadat Order 1984","section","112","qanun-e-shahadat-order-1984.pdf.txt"
"Qanun-e-Shahadat Order 1984","section","114","qanun-e-shahadat-order-1984.pdf.txt"
"Qanun-e-Shahadat Order 1984","section","117","qanun-e-shahadat-order-1984.pdf.txt"
"Qanun-e-Shahadat Order 1984","section","118","qanun-e-shahadat-order-1984.pdf.txt"
"Qanun-e-Shahadat Order 1984","section","119","qanun-e-shahadat-order-1984.pdf.txt"
"Qanun-e-Shahadat Order 1984","section","120","qanun-e-shahadat-order-1984.pdf.txt"
"Qanun-e-Shahadat Order 1984","section","121","qanun-e-shahadat-order-1984.pdf.txt"
"Qanun-e-Shahadat Order 1984","section","122","qanun-e-shahadat-order-1984.pdf.txt"
"Qanun-e-Shahadat Order 1984","section","126","qanun-e-shahadat-order-1984.pdf.txt"
"Qanun-e-Shahadat Order 1984","section","128","qanun-e-shahadat-order-1984.pdf.txt"
"Qanun-e-Shahadat Order 1984","section","129","qanun-e-shahadat-order-1984.pdf.txt"
"Qanun-e-Shahadat Order 1984","section","130","qanun-e-shahadat-order-1984.pdf.txt"
"Qanun-e-Shahadat Order 1984","section","131","qanun-e-shahadat-order-1984.pdf.txt"
"Qanun-e-Shahadat Order 1984","section","132","qanun-e-shahadat-order-1984.pdf.txt"
"Qanun-e-Shahadat Order 1984","section","133","qanun-e-shahadat-order-1984.pdf.txt"
"Qanun-e-Shahadat Order 1984","section","134","qanun-e-shahadat-order-1984.pdf.txt"
"Qanun-e-Shahadat Order 1984","section","135","qanun-e-shahadat-order-1984.pdf.txt"
"Qanun-e-Shahadat Order 1984","section","136","qanun-e-shahadat-order-1984.pdf.txt"
"Qanun-e-Shahadat Order 1984","section","137","qanun-e-shahadat-order-1984.pdf.txt"
"Qanun-e-Shahadat Order 1984","section","138","qanun-e-shahadat-order-1984.pdf.txt"
"Qanun-e-Shahadat Order 1984","section","139","qanun-e-shahadat-order-1984.pdf.txt"
"Qanun-e-Shahadat Order 1984","section","140","qanun-e-shahadat-order-1984.pdf.txt"
"Qanun-e-Shahadat Order 1984","section","141","qanun-e-shahadat-order-1984.pdf.txt"
"Qanun-e-Shahadat Order 1984","section","142","qanun-e-shahadat-order-1984.pdf.txt"
"Qanun-e-Shahadat Order 1984","section","144","qanun-e-shahadat-order-1984.pdf.txt"
"Qanun-e-Shahadat Order 1984","section","146","qanun-e-shahadat-order-1984.pdf.txt"
"Qanun-e-Shahadat Order 1984","section","148","qanun-e-shahadat-order-1984.pdf.txt"
"Qanun-e-Shahadat Order 1984","section","150","qanun-e-shahadat-order-1984.pdf.txt"
"Qanun-e-Shahadat Order 1984","section","151","qanun-e-shahadat-order-1984.pdf.txt"
"Qanun-e-Shahadat Order 1984","section","155","qanun-e-shahadat-order-1984.pdf.txt"
"Qanun-e-Shahadat Order 1984","section","156","qanun-e-shahadat-order-1984.pdf.txt"
"Qanun-e-Shahadat Order 1984","section","158","qanun-e-shahadat-order-1984.pdf.txt"
"Qanun-e-Shahadat Order 1984","section","165","qanun-e-shahadat-order-1984.pdf.txt"
"Code of Civil Procedure 1908","rule","Order I Rule 4","THE_CODE_OF_CIVIL_PROCEDURE,_1908.pdf.txt"
"Code of Civil Procedure 1908","rule","Order I Rule 5","THE_CODE_OF_CIVIL_PROCEDURE,_1908.pdf.txt"
"Code of Civil Procedure 1908","rule","Order I Rule 7","THE_CODE_OF_CIVIL_PROCEDURE,_1908.pdf.txt"
"Code of Civil Procedure 1908","rule","Order I Rule 8","THE_CODE_OF_CIVIL_PROCEDURE,_1908.pdf.txt"
"Code of Civil Procedure 1908","rule","Order I Rule 10","THE_CODE_OF_CIVIL_PROCEDURE,_1908.pdf.txt"
"Code of Civil Procedure 1908","rule","Order I Rule 12","THE_CODE_OF_CIVIL_PROCEDURE,_1908.pdf.txt"
"Code of Civil Procedure 1908","rule","Order II Rule 2","THE_CODE_OF_CIVIL_PROCEDURE,_1908.pdf.txt"
"Code of Civil Procedure 1908","rule","Order II Rule 4","THE_CODE_OF_CIVIL_PROCEDURE,_1908.pdf.txt"
"Code of Civil Procedure 1908","rule","Order III Rule 1","THE_CODE_OF_CIVIL_PROCEDURE,_1908.pdf.txt"
"Code of Civil Procedure 1908","rule","Order III Rule 6","THE_CODE_OF_CIVIL_PROCEDURE,_1908.pdf.txt"
"Code of Civil Procedure 1908","rule","Order V Rule 3","THE_CODE_OF_CIVIL_PROCEDURE,_1908.pdf.txt"
"Code of Civil Procedure 1908","rule","Order V Rule 4","THE_CODE_OF_CIVIL_PROCEDURE,_1908.pdf.txt"
"Code of Civil Procedure 1908","rule","Order V Rule 5","THE_CODE_OF_CIVIL_PROCEDURE,_1908.pdf.txt"
"Code of Civil Procedure 1908","rule","Order V Rule 7","THE_CODE_OF_CIVIL_PROCEDURE,_1908.pdf.txt"
"Code of Civil Procedure 1908","rule","Order V Rule 8","THE_CODE_OF_CIVIL_PROCEDURE,_1908.pdf.txt"
"Code of Civil Procedure 1908","rule","Order V Rule 12","THE_CODE_OF_CIVIL_PROCEDURE,_1908.pdf.txt"
"Code of Civil Procedure 1908","rule","Order V Rule 14","THE_CODE_OF_CIVIL_PROCEDURE,_1908.pdf.txt"
"Code of Civil Procedure 1908","rule","Order V Rule 15","THE_CODE_OF_CIVIL_PROCEDURE,_1908.pdf.txt"
"Code of Civil Procedure 1908","rule","Order V Rule 17","THE_CODE_OF_CIVIL_PROCEDURE,_1908.pdf.txt"
"Code of Civil Procedure 1908","rule","Order V Rule 20","THE_CODE_OF_CIVIL_PROCEDURE,_1908.pdf.txt"
"Code of Civil Procedure 1908","rule","Order V Rule 21","THE_CODE_OF_CIVIL_PROCEDURE,_1908.pdf.txt"
"Code of Civil Procedure 1908","rule","Order V Rule 25","THE_CODE_OF_CIVIL_PROCEDURE,_1908.pdf.txt"
"Code of Civil Procedure 1908","rule","Order V Rule 26","THE_CODE_OF_CIVIL_PROCEDURE,_1908.pdf.txt"
"Code of Civil Procedure 1908","rule","Order V Rule 26A","THE_CODE_OF_CIVIL_PROCEDURE,_1908.pdf.txt"
"Code of Civil Procedure 1908","rule","Order V Rule 27","THE_CODE_OF_CIVIL_PROCEDURE,_1908.pdf.txt"
"Code of Civil Procedure 1908","rule","Order V Rule 29","THE_CODE_OF_CIVIL_PROCEDURE,_1908.pdf.txt"
"Code of Civil Procedure 1908","rule","Order VII Rule 3","THE_CODE_OF_CIVIL_PROCEDURE,_1908.pdf.txt"
"Code of Civil Procedure 1908","rule","Order VII Rule 13","THE_CODE_OF_CIVIL_PROCEDURE,_1908.pdf.txt"
"Code of Civil Procedure 1908","rule","Order VII Rule 14","THE_CODE_OF_CIVIL_PROCEDURE,_1908.pdf.txt"
"Code of Civil Procedure 1908","rule","Order VII Rule 15","THE_CODE_OF_CIVIL_PROCEDURE,_1908.pdf.txt"
"Code of Civil Procedure 1908","rule","Order VII Rule 17","THE_CODE_OF_CIVIL_PROCEDURE,_1908.pdf.txt"
"Code of Civil Procedure 1908","rule","Order VII Rule 18","THE_CODE_OF_CIVIL_PROCEDURE,_1908.pdf.txt"
"Code of Civil Procedure 1908","rule","Order VIII Rule 6","THE_CODE_OF_CIVIL_PROCEDURE,_1908.pdf.txt"
"Code of Civil Procedure 1908","rule","Order VIII Rule 10","THE_CODE_OF_CIVIL_PROCEDURE,_1908.pdf.txt"
"Code of Civil Procedure 1908","rule","Order IX Rule 1","THE_CODE_OF_CIVIL_PROCEDURE,_1908.pdf.txt"
"Code of Civil Procedure 1908","rule","Order IX Rule 2","THE_CODE_OF_CIVIL_PROCEDURE,_1908.pdf.txt"
"Code of Civil Procedure 1908","rule","Order IX Rule 4","THE_CODE_OF_CIVIL_PROCEDURE,_1908.pdf.txt"
"Code of Civil Procedure 1908","rule","Order IX Rule 5","THE_CODE_OF_CIVIL_PROCEDURE,_1908.pdf.txt"
"Code of Civil Procedure 1908","rule","Order IX Rule 6","THE_CODE_OF_CIVIL_PROCEDURE,_1908.pdf.txt"
"Code of Civil Procedure 1908","rule","Order IX Rule 7","THE_CODE_OF_CIVIL_PROCEDURE,_1908.pdf.txt"
"Code of Civil Procedure 1908","rule","Order IX Rule 10","THE_CODE_OF_CIVIL_PROCEDURE,_1908.pdf.txt"
"Code of Civil Procedure 1908","rule","Order IX Rule 11","THE_CODE_OF_CIVIL_PROCEDURE,_1908.pdf.txt"
"Code of Civil Procedure 1908","rule","Order IX Rule 12","THE_CODE_OF_CIVIL_PROCEDURE,_1908.pdf.txt"
"Code of Civil Procedure 1908","rule","Order IX Rule 14","THE_CODE_OF_CIVIL_PROCEDURE,_1908.pdf.txt"
"Code of Civil Procedure 1908","rule","Order X Rule 1","THE_CODE_OF_CIVIL_PROCEDURE,_1908.pdf.txt"
"Code of Civil Procedure 1908","rule","Order X Rule 4","THE_CODE_OF_CIVIL_PROCEDURE,_1908.pdf.txt"
"Code of Civil Procedure 1908","rule","Order XI Rule 15","THE_CODE_OF_CIVIL_PROCEDURE,_1908.pdf.txt"
"Code of Civil Procedure 1908","rule","Order XIII Rule 5","THE_CODE_OF_CIVIL_PROCEDURE,_1908.pdf.txt"
"Code of Civil Procedure 1908","rule","Order XIII Rule 6","THE_CODE_OF_CIVIL_PROCEDURE,_1908.pdf.txt"
"Code of Civil Procedure 1908","rule","Order XIII Rule 10","THE_CODE_OF_CIVIL_PROCEDURE,_1908.pdf.txt"
"Code of Civil Procedure 1908","rule","Order XIV Rule 4","THE_CODE_OF_CIVIL_PROCEDURE,_1908.pdf.txt"
"Code of Civil Procedure 1908","rule","Order XIV Rule 6","THE_CODE_OF_CIVIL_PROCEDURE,_1908.pdf.txt"
"Code of Civil Procedure 1908","rule","Order XIV Rule 7","THE_CODE_OF_CIVIL_PROCEDURE,_1908.pdf.txt"
"Code of Civil Procedure 1908","rule","Order XVI Rule 2","THE_CODE_OF_CIVIL_PROCEDURE,_1908.pdf.txt"
"Code of Civil Procedure 1908","rule","Order XVI Rule 4","THE_CODE_OF_CIVIL_PROCEDURE,_1908.pdf.txt"
"Code of Civil Procedure 1908","rule","Order XVI Rule 5","THE_CODE_OF_CIVIL_PROCEDURE,_1908.pdf.txt"
"Code of Civil Procedure 1908","rule","Order XVI Rule 7","THE_CODE_OF_CIVIL_PROCEDURE,_1908.pdf.txt"
"Code of Civil Procedure 1908","rule","Order XVI Rule 14","THE_CODE_OF_CIVIL_PROCEDURE,_1908.pdf.txt"
"Code of Civil Procedure 1908","rule","Order XVI Rule 15","THE_CODE_OF_CIVIL_PROCEDURE,_1908.pdf.txt"
"Code of Civil Procedure 1908","rule","Order XVI Rule 18","THE_CODE_OF_CIVIL_PROCEDURE,_1908.pdf.txt"
"Code of Civil Procedure 1908","rule","Order XVI Rule 19","THE_CODE_OF_CIVIL_PROCEDURE,_1908.pdf.txt"
"Code of Civil Procedure 1908","rule","Order XVI Rule 20","THE_CODE_OF_CIVIL_PROCEDURE,_1908.pdf.txt"
"Code of Civil Procedure 1908","rule","Order XVII Rule 1","THE_CODE_OF_CIVIL_PROCEDURE,_1908.pdf.txt"
"Code of Civil Procedure 1908","rule","Order XVII Rule 3","THE_CODE_OF_CIVIL_PROCEDURE,_1908.pdf.txt"
"Code of Civil Procedure 1908","rule","Order XVII Rule 5","THE_CODE_OF_CIVIL_PROCEDURE,_1908.pdf.txt"
"Code of Civil Procedure 1908","rule","Order XVIII Rule 14","THE_CODE_OF_CIVIL_PROCEDURE,_1908.pdf.txt"
"Code of Civil Procedure 1908","rule","Order XIX Rule 2","THE_CODE_OF_CIVIL_PROCEDURE,_1908.pdf.txt"
"Code of Civil Procedure 1908","rule","Order XX Rule 2","THE_CODE_OF_CIVIL_PROCEDURE,_1908.pdf.txt"
"Code of Civil Procedure 1908","rule","Order XX Rule 4","THE_CODE_OF_CIVIL_PROCEDURE,_1908.pdf.txt"
"Code of Civil Procedure 1908","rule","Order XX Rule 8","THE_CODE_OF_CIVIL_PROCEDURE,_1908.pdf.txt"
"Code of Civil Procedure 1908","rule","Order XX Rule 11","THE_CODE_OF_CIVIL_PROCEDURE,_1908.pdf.txt"
"Code of Civil Procedure 1908","rule","Order XX Rule 16","THE_CODE_OF_CIVIL_PROCEDURE,_1908.pdf.txt"
"Code of Civil Procedure 1908","rule","Order XX Rule 18","THE_CODE_OF_CIVIL_PROCEDURE,_1908.pdf.txt"
"Code of Civil Procedure 1908","rule","Order XX Rule 19","THE_CODE_OF_CIVIL_PROCEDURE,_1908.pdf.txt"
"Code of Civil Procedure 1908","rule","Order XX Rule 20","THE_CODE_OF_CIVIL_PROCEDURE,_1908.pdf.txt"
"Code of Civil Procedure 1908","rule","Order XXI Rule 2","THE_CODE_OF_CIVIL_PROCEDURE,_1908.pdf.txt"
"Code of Civil Procedure 1908","rule","Order XXI Rule 6","THE_CODE_OF_CIVIL_PROCEDURE,_1908.pdf.txt"
"Code of Civil Procedure 1908","rule","Order XXI Rule 7","THE_CODE_OF_CIVIL_PROCEDURE,_1908.pdf.txt"
"Code of Civil Procedure 1908","rule","Order XXI Rule 8","THE_CODE_OF_CIVIL_PROCEDURE,_1908.pdf.txt"
"Code of Civil Procedure 1908","rule","Order XXI Rule 9","THE_CODE_OF_CIVIL_PROCEDURE,_1908.pdf.txt"
"Code of Civil Procedure 1908","rule","Order XXI Rule 12","THE_CODE_OF_CIVIL_PROCEDURE,_1908.pdf.txt"
"Code of Civil Procedure 1908","rule","Order XXI Rule 13","THE_CODE_OF_CIVIL_PROCEDURE,_1908.pdf.txt"
"Code of Civil Procedure 1908","rule","Order XXI Rule 14","THE_CODE_OF_CIVIL_PROCEDURE,_1908.pdf.txt"
"Code of Civil Procedure 1908","rule","Order XXI Rule 17","THE_CODE_OF_CIVIL_PROCEDURE,_1908.pdf.txt"
"Code of Civil Procedure 1908","rule","Order XXI Rule 22","THE_CODE_OF_CIVIL_PROCEDURE,_1908.pdf.txt"
"Code of Civil Procedure 1908","rule","Order XXI Rule 28","THE_CODE_OF_CIVIL_PROCEDURE,_1908.pdf.txt"
"Code of Civil Procedure 1908","rule","Order XXI Rule 29","THE_CODE_OF_CIVIL_PROCEDURE,_1908.pdf.txt"
"Code of Civil Procedure 1908","rule","Order XXI Rule 32","THE_CODE_OF_CIVIL_PROCEDURE,_1908.pdf.txt"
"Code of Civil Procedure 1908","rule","Order XXI Rule 33","THE_CODE_OF_CIVIL_PROCEDURE,_1908.pdf.txt"
"Code of Civil Procedure 1908","rule","Order XXI Rule 34","THE_CODE_OF_CIVIL_PROCEDURE,_1908.pdf.txt"
"Code of Civil Procedure 1908","rule","Order XXI Rule 36","THE_CODE_OF_CIVIL_PROCEDURE,_1908.pdf.txt"
"Code of Civil Procedure 1908","rule","Order XXI Rule 37","THE_CODE_OF_CIVIL_PROCEDURE,_1908.pdf.txt"
"Code of Civil Procedure 1908","rule","Order XXI Rule 38","THE_CODE_OF_CIVIL_PROCEDURE,_1908.pdf.txt"
"Code of Civil Procedure 1908","rule","Order XXI Rule 40","THE_CODE_OF_CIVIL_PROCEDURE,_1908.pdf.txt"
"Code of Civil Procedure 1908","rule","Order XXI Rule 42","THE_CODE_OF_CIVIL_PROCEDURE,_1908.pdf.txt"
"Code of Civil Procedure 1908","rule","Order XXI Rule 43","THE_CODE_OF_CIVIL_PROCEDURE,_1908.pdf.txt"
"Code of Civil Procedure 1908","rule","Order XXI Rule 46","THE_CODE_OF_CIVIL_PROCEDURE,_1908.pdf.txt"
"Code of Civil Procedure 1908","rule","Order XXI Rule 48","THE_CODE_OF_CIVIL_PROCEDURE,_1908.pdf.txt"
"Code of Civil Procedure 1908","rule","Order XXI Rule 52","THE_CODE_OF_CIVIL_PROCEDURE,_1908.pdf.txt"
"Code of Civil Procedure 1908","rule","Order XXI Rule 56","THE_CODE_OF_CIVIL_PROCEDURE,_1908.pdf.txt"
"Code of Civil Procedure 1908","rule","Order XXI Rule 57","THE_CODE_OF_CIVIL_PROCEDURE,_1908.pdf.txt"
"Code of Civil Procedure 1908","rule","Order XXI Rule 58","THE_CODE_OF_CIVIL_PROCEDURE,_1908.pdf.txt"
"Code of Civil Procedure 1908","rule","Order XXI Rule 61","THE_CODE_OF_CIVIL_PROCEDURE,_1908.pdf.txt"
"Code of Civil Procedure 1908","rule","Order XXI Rule 62","THE_CODE_OF_CIVIL_PROCEDURE,_1908.pdf.txt"
"Code of Civil Procedure 1908","rule","Order XXI Rule 64","THE_CODE_OF_CIVIL_PROCEDURE,_1908.pdf.txt"
"Code of Civil Procedure 1908","rule","Order XXI Rule 72","THE_CODE_OF_CIVIL_PROCEDURE,_1908.pdf.txt"
"Code of Civil Procedure 1908","rule","Order XXI Rule 73","THE_CODE_OF_CIVIL_PROCEDURE,_1908.pdf.txt"
"Code of Civil Procedure 1908","rule","Order XXI Rule 78","THE_CODE_OF_CIVIL_PROCEDURE,_1908.pdf.txt"
"Code of Civil Procedure 1908","rule","Order XXI Rule 81","THE_CODE_OF_CIVIL_PROCEDURE,_1908.pdf.txt"
"Code of Civil Procedure 1908","rule","Order XXI Rule 83","THE_CODE_OF_CIVIL_PROCEDURE,_1908.pdf.txt"
"Code of Civil Procedure 1908","rule","Order XXI Rule 90","THE_CODE_OF_CIVIL_PROCEDURE,_1908.pdf.txt"
"Code of Civil Procedure 1908","rule","Order XXI Rule 91","THE_CODE_OF_CIVIL_PROCEDURE,_1908.pdf.txt"
"Code of Civil Procedure 1908","rule","Order XXI Rule 96","THE_CODE_OF_CIVIL_PROCEDURE,_1908.pdf.txt"
"Code of Civil Procedure 1908","rule","Order XXI Rule 97","THE_CODE_OF_CIVIL_PROCEDURE,_1908.pdf.txt"
"Code of Civil Procedure 1908","rule","Order XXII Rule 2","THE_CODE_OF_CIVIL_PROCEDURE,_1908.pdf.txt"
"Code of Civil Procedure 1908","rule","Order XXII Rule 3","THE_CODE_OF_CIVIL_PROCEDURE,_1908.pdf.txt"
"Code of Civil Procedure 1908","rule","Order XXII Rule 4","THE_CODE_OF_CIVIL_PROCEDURE,_1908.pdf.txt"
"Code of Civil Procedure 1908","rule","Order XXII Rule 8","THE_CODE_OF_CIVIL_PROCEDURE,_1908.pdf.txt"
"Code of Civil Procedure 1908","rule","Order XXII Rule 10","THE_CODE_OF_CIVIL_PROCEDURE,_1908.pdf.txt"
"Code of Civil Procedure 1908","rule","Order XXIV Rule 3","THE_CODE_OF_CIVIL_PROCEDURE,_1908.pdf.txt"
"Code of Civil Procedure 1908","rule","Order XXIV Rule 4","THE_CODE_OF_CIVIL_PROCEDURE,_1908.pdf.txt"
"Code of Civil Procedure 1908","rule","Order XXV Rule 1","THE_CODE_OF_CIVIL_PROCEDURE,_1908.pdf.txt"
"Code of Civil Procedure 1908","rule","Order XXVI Rule 1","THE_CODE_OF_CIVIL_PROCEDURE,_1908.pdf.txt"
"Code of Civil Procedure 1908","rule","Order XXVI Rule 5","THE_CODE_OF_CIVIL_PROCEDURE,_1908.pdf.txt"
"Code of Civil Procedure 1908","rule","Order XXVI Rule 8","THE_CODE_OF_CIVIL_PROCEDURE,_1908.pdf.txt"
"Code of Civil Procedure 1908","rule","Order XXVI Rule 10","THE_CODE_OF_CIVIL_PROCEDURE,_1908.pdf.txt"
"Code of Civil Procedure 1908","rule","Order XXVI Rule 12","THE_CODE_OF_CIVIL_PROCEDURE,_1908.pdf.txt"
"Code of Civil Procedure 1908","rule","Order XXVI Rule 17","THE_CODE_OF_CIVIL_PROCEDURE,_1908.pdf.txt"
"Code of Civil Procedure 1908","rule","Order XXVI Rule 18","THE_CODE_OF_CIVIL_PROCEDURE,_1908.pdf.txt"
"Code of Civil Procedure 1908","rule","Order XXVI Rule 19","THE_CODE_OF_CIVIL_PROCEDURE,_1908.pdf.txt"
"Code of Civil Procedure 1908","rule","Order XXVI Rule 22","THE_CODE_OF_CIVIL_PROCEDURE,_1908.pdf.txt"
"Code of Civil Procedure 1908","rule","Order XXVII Rule 6","THE_CODE_OF_CIVIL_PROCEDURE,_1908.pdf.txt"
"Code of Civil Procedure 1908","rule","Order XXVII Rule 7","THE_CODE_OF_CIVIL_PROCEDURE,_1908.pdf.txt"
"Code of Civil Procedure 1908","rule","Order XXVII Rule 8","THE_CODE_OF_CIVIL_PROCEDURE,_1908.pdf.txt"
"Code of Civil Procedure 1908","rule","Order XXVII Rule 8B","THE_CODE_OF_CIVIL_PROCEDURE,_1908.pdf.txt"
"Code of Civil Procedure 1908","rule","Order XXVIII Rule 1","THE_CODE_OF_CIVIL_PROCEDURE,_1908.pdf.txt"
"Code of Civil Procedure 1908","rule","Order XXVIII Rule 2","THE_CODE_OF_CIVIL_PROCEDURE,_1908.pdf.txt"
"Code of Civil Procedure 1908","rule","Order XXVIII Rule 3","THE_CODE_OF_CIVIL_PROCEDURE,_1908.pdf.txt"
"Code of Civil Procedure 1908","rule","Order XXIX Rule 3","THE_CODE_OF_CIVIL_PROCEDURE,_1908.pdf.txt"
"Code of Civil Procedure 1908","rule","Order XXX Rule 10","THE_CODE_OF_CIVIL_PROCEDURE,_1908.pdf.txt"
"Code of Civil Procedure 1908","rule","Order XXXI Rule 1","THE_CODE_OF_CIVIL_PROCEDURE,_1908.pdf.txt"
"Code of Civil Procedure 1908","rule","Order XXXII Rule 2","THE_CODE_OF_CIVIL_PROCEDURE,_1908.pdf.txt"
"Code of Civil Procedure 1908","rule","Order XXXII Rule 3","THE_CODE_OF_CIVIL_PROCEDURE,_1908.pdf.txt"
"Code of Civil Procedure 1908","rule","Order XXXII Rule 4","THE_CODE_OF_CIVIL_PROCEDURE,_1908.pdf.txt"
"Code of Civil Procedure 1908","rule","Order XXXII Rule 5","THE_CODE_OF_CIVIL_PROCEDURE,_1908.pdf.txt"
"Code of Civil Procedure 1908","rule","Order XXXII Rule 6","THE_CODE_OF_CIVIL_PROCEDURE,_1908.pdf.txt"
"Code of Civil Procedure 1908","rule","Order XXXII Rule 7","THE_CODE_OF_CIVIL_PROCEDURE,_1908.pdf.txt"
"Code of Civil Procedure 1908","rule","Order XXXII Rule 12","THE_CODE_OF_CIVIL_PROCEDURE,_1908.pdf.txt"
"Code of Civil Procedure 1908","rule","Order XXXII Rule 13","THE_CODE_OF_CIVIL_PROCEDURE,_1908.pdf.txt"
"Code of Civil Procedure 1908","rule","Order XXXIII Rule 4","THE_CODE_OF_CIVIL_PROCEDURE,_1908.pdf.txt"
"Code of Civil Procedure 1908","rule","Order XXXIII Rule 6","THE_CODE_OF_CIVIL_PROCEDURE,_1908.pdf.txt"
"Code of Civil Procedure 1908","rule","Order XXXIII Rule 12","THE_CODE_OF_CIVIL_PROCEDURE,_1908.pdf.txt"
"Code of Civil Procedure 1908","rule","Order XXXIII Rule 15","THE_CODE_OF_CIVIL_PROCEDURE,_1908.pdf.txt"
"Code of Civil Procedure 1908","rule","Order XXXIV Rule 3","THE_CODE_OF_CIVIL_PROCEDURE,_1908.pdf.txt"
"Code of Civil Procedure 1908","rule","Order XXXIV Rule 8A","THE_CODE_OF_CIVIL_PROCEDURE,_1908.pdf.txt"
"Code of Civil Procedure 1908","rule","Order XXXIV Rule 9","THE_CODE_OF_CIVIL_PROCEDURE,_1908.pdf.txt"
"Code of Civil Procedure 1908","rule","Order XXXIV Rule 14","THE_CODE_OF_CIVIL_PROCEDURE,_1908.pdf.txt"
"Code of Civil Procedure 1908","rule","Order XXXVII Rule 2","THE_CODE_OF_CIVIL_PROCEDURE,_1908.pdf.txt"
"Code of Civil Procedure 1908","rule","Order XXXVII Rule 3","THE_CODE_OF_CIVIL_PROCEDURE,_1908.pdf.txt"
"Code of Civil Procedure 1908","rule","Order XXXVII Rule 5","THE_CODE_OF_CIVIL_PROCEDURE,_1908.pdf.txt"
"Code of Civil Procedure 1908","rule","Order XXXVII Rule 6","THE_CODE_OF_CIVIL_PROCEDURE,_1908.pdf.txt"
"Code of Civil Procedure 1908","rule","Order XXXVIII Rule 1","THE_CODE_OF_CIVIL_PROCEDURE,_1908.pdf.txt"
"Code of Civil Procedure 1908","rule","Order XXXVIII Rule 4","THE_CODE_OF_CIVIL_PROCEDURE,_1908.pdf.txt"
"Code of Civil Procedure 1908","rule","Order XXXVIII Rule 5","THE_CODE_OF_CIVIL_PROCEDURE,_1908.pdf.txt"
"Code of Civil Procedure 1908","rule","Order XXXVIII Rule 6","THE_CODE_OF_CIVIL_PROCEDURE,_1908.pdf.txt"
"Code of Civil Procedure 1908","rule","Order XXXVIII Rule 8","THE_CODE_OF_CIVIL_PROCEDURE,_1908.pdf.txt"
"Code of Civil Procedure 1908","rule","Order XXXVIII Rule 9","THE_CODE_OF_CIVIL_PROCEDURE,_1908.pdf.txt"
"Code of Civil Procedure 1908","rule","Order XXXVIII Rule 10","THE_CODE_OF_CIVIL_PROCEDURE,_1908.pdf.txt"
"Code of Civil Procedure 1908","rule","Order XXXVIII Rule 11","THE_CODE_OF_CIVIL_PROCEDURE,_1908.pdf.txt"
"Code of Civil Procedure 1908","rule","Order XXXIX Rule 2","THE_CODE_OF_CIVIL_PROCEDURE,_1908.pdf.txt"
"Code of Civil Procedure 1908","rule","Order XXXIX Rule 3","THE_CODE_OF_CIVIL_PROCEDURE,_1908.pdf.txt"
"Code of Civil Procedure 1908","rule","Order XXXIX Rule 4","THE_CODE_OF_CIVIL_PROCEDURE,_1908.pdf.txt"
"Code of Civil Procedure 1908","rule","Order XXXIX Rule 4A","THE_CODE_OF_CIVIL_PROCEDURE,_1908.pdf.txt"
"Code of Civil Procedure 1908","rule","Order XXXIX Rule 5","THE_CODE_OF_CIVIL_PROCEDURE,_1908.pdf.txt"
"Code of Civil Procedure 1908","rule","Order XXXIX Rule 7","THE_CODE_OF_CIVIL_PROCEDURE,_1908.pdf.txt"
"Code of Civil Procedure 1908","rule","Order XXXIX Rule 9","THE_CODE_OF_CIVIL_PROCEDURE,_1908.pdf.txt"
"Code of Civil Procedure 1908","rule","Order XLI Rule 1","THE_CODE_OF_CIVIL_PROCEDURE,_1908.pdf.txt"
"Code of Civil Procedure 1908","rule","Order XLI Rule 4","THE_CODE_OF_CIVIL_PROCEDURE,_1908.pdf.txt"
"Code of Civil Procedure 1908","rule","Order XLI Rule 5","THE_CODE_OF_CIVIL_PROCEDURE,_1908.pdf.txt"
"Code of Civil Procedure 1908","rule","Order XLI Rule 6","THE_CODE_OF_CIVIL_PROCEDURE,_1908.pdf.txt"
"Code of Civil Procedure 1908","rule","Order XLI Rule 8","THE_CODE_OF_CIVIL_PROCEDURE,_1908.pdf.txt"
"Code of Civil Procedure 1908","rule","Order XLI Rule 10","THE_CODE_OF_CIVIL_PROCEDURE,_1908.pdf.txt"
"Code of Civil Procedure 1908","rule","Order XLI Rule 11","THE_CODE_OF_CIVIL_PROCEDURE,_1908.pdf.txt"
"Code of Civil Procedure 1908","rule","Order XLI Rule 13","THE_CODE_OF_CIVIL_PROCEDURE,_1908.pdf.txt"
"Code of Civil Procedure 1908","rule","Order XLI Rule 14","THE_CODE_OF_CIVIL_PROCEDURE,_1908.pdf.txt"
"Code of Civil Procedure 1908","rule","Order XLI Rule 17","THE_CODE_OF_CIVIL_PROCEDURE,_1908.pdf.txt"
"Code of Civil Procedure 1908","rule","Order XLI Rule 18","THE_CODE_OF_CIVIL_PROCEDURE,_1908.pdf.txt"
"Code of Civil Procedure 1908","rule","Order XLI Rule 20","THE_CODE_OF_CIVIL_PROCEDURE,_1908.pdf.txt"
"Code of Civil Procedure 1908","rule","Order XLI Rule 21","THE_CODE_OF_CIVIL_PROCEDURE,_1908.pdf.txt"
"Code of Civil Procedure 1908","rule","Order XLI Rule 22","THE_CODE_OF_CIVIL_PROCEDURE,_1908.pdf.txt"
"Code of Civil Procedure 1908","rule","Order XLI Rule 24","THE_CODE_OF_CIVIL_PROCEDURE,_1908.pdf.txt"
"Code of Civil Procedure 1908","rule","Order XLI Rule 25","THE_CODE_OF_CIVIL_PROCEDURE,_1908.pdf.txt"
"Code of Civil Procedure 1908","rule","Order XLI Rule 26","THE_CODE_OF_CIVIL_PROCEDURE,_1908.pdf.txt"
"Code of Civil Procedure 1908","rule","Order XLI Rule 35","THE_CODE_OF_CIVIL_PROCEDURE,_1908.pdf.txt"
"Code of Civil Procedure 1908","rule","Order XLI Rule 36","THE_CODE_OF_CIVIL_PROCEDURE,_1908.pdf.txt"
"Code of Civil Procedure 1908","rule","Order XLI Rule 37","THE_CODE_OF_CIVIL_PROCEDURE,_1908.pdf.txt"
"Code of Civil Procedure 1908","rule","Order XLIV Rule 1","THE_CODE_OF_CIVIL_PROCEDURE,_1908.pdf.txt"
"Code of Civil Procedure 1908","rule","Order XLVI Rule 2","THE_CODE_OF_CIVIL_PROCEDURE,_1908.pdf.txt"
"Code of Civil Procedure 1908","rule","Order XLVI Rule 3","THE_CODE_OF_CIVIL_PROCEDURE,_1908.pdf.txt"
"Code of Civil Procedure 1908","rule","Order XLVI Rule 6","THE_CODE_OF_CIVIL_PROCEDURE,_1908.pdf.txt"
"Code of Civil Procedure 1908","rule","Order XLVI Rule 7","THE_CODE_OF_CIVIL_PROCEDURE,_1908.pdf.txt"
"Code of Civil Procedure 1908","rule","Order XLVII Rule 5","THE_CODE_OF_CIVIL_PROCEDURE,_1908.pdf.txt"
"Code of Civil Procedure 1908","rule","Order XLVII Rule 7","THE_CODE_OF_CIVIL_PROCEDURE,_1908.pdf.txt"
"Code of Civil Procedure 1908","rule","Order XLVII Rule 8","THE_CODE_OF_CIVIL_PROCEDURE,_1908.pdf.txt"
"Code of Civil Procedure 1908","rule","Order XLVIII Rule 1","THE_CODE_OF_CIVIL_PROCEDURE,_1908.pdf.txt"
"Code of Civil Procedure 1908","rule","Order LI Rule 4","THE_CODE_OF_CIVIL_PROCEDURE,_1908.pdf.txt"
"Code of Civil Procedure 1908","rule","Order I Rule 1","THE_CODE_OF_CIVIL_PROCEDURE,_1908.pdf.txt"
"Code of Civil Procedure 1908","rule","Order I Rule 2","THE_CODE_OF_CIVIL_PROCEDURE,_1908.pdf.txt"
"Code of Civil Procedure 1908","rule","Order I Rule 3","THE_CODE_OF_CIVIL_PROCEDURE,_1908.pdf.txt"
"Code of Civil Procedure 1908","rule","Order I Rule 6","THE_CODE_OF_CIVIL_PROCEDURE,_1908.pdf.txt"
"Code of Civil Procedure 1908","rule","Order I Rule 9","THE_CODE_OF_CIVIL_PROCEDURE,_1908.pdf.txt"
"Code of Civil Procedure 1908","rule","Order I Rule 11","THE_CODE_OF_CIVIL_PROCEDURE,_1908.pdf.txt"
"Code of Civil Procedure 1908","rule","Order I Rule 13","THE_CODE_OF_CIVIL_PROCEDURE,_1908.pdf.txt"
"Code of Civil Procedure 1908","rule","Order II Rule 1","THE_CODE_OF_CIVIL_PROCEDURE,_1908.pdf.txt"
"Code of Civil Procedure 1908","rule","Order II Rule 3","THE_CODE_OF_CIVIL_PROCEDURE,_1908.pdf.txt"
"Code of Civil Procedure 1908","rule","Order II Rule 5","THE_CODE_OF_CIVIL_PROCEDURE,_1908.pdf.txt"
"Code of Civil Procedure 1908","rule","Order II Rule 6","THE_CODE_OF_CIVIL_PROCEDURE,_1908.pdf.txt"
"Code of Civil Procedure 1908","rule","Order II Rule 7","THE_CODE_OF_CIVIL_PROCEDURE,_1908.pdf.txt"
"Code of Civil Procedure 1908","rule","Order III Rule 2","THE_CODE_OF_CIVIL_PROCEDURE,_1908.pdf.txt"
"Code of Civil Procedure 1908","rule","Order III Rule 3","THE_CODE_OF_CIVIL_PROCEDURE,_1908.pdf.txt"
"Code of Civil Procedure 1908","rule","Order III Rule 5","THE_CODE_OF_CIVIL_PROCEDURE,_1908.pdf.txt"
"Code of Civil Procedure 1908","rule","Order IV Rule 1","THE_CODE_OF_CIVIL_PROCEDURE,_1908.pdf.txt"
"Code of Civil Procedure 1908","rule","Order IV Rule 2","THE_CODE_OF_CIVIL_PROCEDURE,_1908.pdf.txt"
"Code of Civil Procedure 1908","rule","Order V Rule 1","THE_CODE_OF_CIVIL_PROCEDURE,_1908.pdf.txt"
"Code of Civil Procedure 1908","rule","Order V Rule 2","THE_CODE_OF_CIVIL_PROCEDURE,_1908.pdf.txt"
"Code of Civil Procedure 1908","rule","Order V Rule 6","THE_CODE_OF_CIVIL_PROCEDURE,_1908.pdf.txt"
"Code of Civil Procedure 1908","rule","Order V Rule 9","THE_CODE_OF_CIVIL_PROCEDURE,_1908.pdf.txt"
"Code of Civil Procedure 1908","rule","Order V Rule 10","THE_CODE_OF_CIVIL_PROCEDURE,_1908.pdf.txt"
"Code of Civil Procedure 1908","rule","Order V Rule 11","THE_CODE_OF_CIVIL_PROCEDURE,_1908.pdf.txt"
"Code of Civil Procedure 1908","rule","Order V Rule 13","THE_CODE_OF_CIVIL_PROCEDURE,_1908.pdf.txt"
"Code of Civil Procedure 1908","rule","Order V Rule 16","THE_CODE_OF_CIVIL_PROCEDURE,_1908.pdf.txt"
"Code of Civil Procedure 1908","rule","Order V Rule 18","THE_CODE_OF_CIVIL_PROCEDURE,_1908.pdf.txt"
"Code of Civil Procedure 1908","rule","Order V Rule 19","THE_CODE_OF_CIVIL_PROCEDURE,_1908.pdf.txt"
"Code of Civil Procedure 1908","rule","Order V Rule 23","THE_CODE_OF_CIVIL_PROCEDURE,_1908.pdf.txt"
"Code of Civil Procedure 1908","rule","Order V Rule 24","THE_CODE_OF_CIVIL_PROCEDURE,_1908.pdf.txt"
"Code of Civil Procedure 1908","rule","Order V Rule 726","THE_CODE_OF_CIVIL_PROCEDURE,_1908.pdf.txt"
"Code of Civil Procedure 1908","rule","Order V Rule 1952","THE_CODE_OF_CIVIL_PROCEDURE,_1908.pdf.txt"
"Code of Civil Procedure 1908","rule","Order V Rule 3053","THE_CODE_OF_CIVIL_PROCEDURE,_1908.pdf.txt"
"Code of Civil Procedure 1908","rule","Order V Rule 28","THE_CODE_OF_CIVIL_PROCEDURE,_1908.pdf.txt"
"Code of Civil Procedure 1908","rule","Order V Rule 30","THE_CODE_OF_CIVIL_PROCEDURE,_1908.pdf.txt"
"Code of Civil Procedure 1908","rule","Order VI Rule 1","THE_CODE_OF_CIVIL_PROCEDURE,_1908.pdf.txt"
"Code of Civil Procedure 1908","rule","Order VI Rule 2","THE_CODE_OF_CIVIL_PROCEDURE,_1908.pdf.txt"
"Code of Civil Procedure 1908","rule","Order VI Rule 3","THE_CODE_OF_CIVIL_PROCEDURE,_1908.pdf.txt"
"Code of Civil Procedure 1908","rule","Order VI Rule 4","THE_CODE_OF_CIVIL_PROCEDURE,_1908.pdf.txt"
"Code of Civil Procedure 1908","rule","Order VI Rule 5","THE_CODE_OF_CIVIL_PROCEDURE,_1908.pdf.txt"
"Code of Civil Procedure 1908","rule","Order VI Rule 6","THE_CODE_OF_CIVIL_PROCEDURE,_1908.pdf.txt"
"Code of Civil Procedure 1908","rule","Order VI Rule 7","THE_CODE_OF_CIVIL_PROCEDURE,_1908.pdf.txt"
"Code of Civil Procedure 1908","rule","Order VI Rule 8","THE_CODE_OF_CIVIL_PROCEDURE,_1908.pdf.txt"
"Code of Civil Procedure 1908","rule","Order VI Rule 9","THE_CODE_OF_CIVIL_PROCEDURE,_1908.pdf.txt"
"Code of Civil Procedure 1908","rule","Order VI Rule 10","THE_CODE_OF_CIVIL_PROCEDURE,_1908.pdf.txt"
"Code of Civil Procedure 1908","rule","Order VI Rule 11","THE_CODE_OF_CIVIL_PROCEDURE,_1908.pdf.txt"
"Code of Civil Procedure 1908","rule","Order VI Rule 12","THE_CODE_OF_CIVIL_PROCEDURE,_1908.pdf.txt"
"Code of Civil Procedure 1908","rule","Order VI Rule 13","THE_CODE_OF_CIVIL_PROCEDURE,_1908.pdf.txt"
"Code of Civil Procedure 1908","rule","Order VI Rule 14","THE_CODE_OF_CIVIL_PROCEDURE,_1908.pdf.txt"
"Code of Civil Procedure 1908","rule","Order VI Rule 15","THE_CODE_OF_CIVIL_PROCEDURE,_1908.pdf.txt"
"Code of Civil Procedure 1908","rule","Order VI Rule 16","THE_CODE_OF_CIVIL_PROCEDURE,_1908.pdf.txt"
"Code of Civil Procedure 1908","rule","Order VI Rule 17","THE_CODE_OF_CIVIL_PROCEDURE,_1908.pdf.txt"
"Code of Civil Procedure 1908","rule","Order VI Rule 18","THE_CODE_OF_CIVIL_PROCEDURE,_1908.pdf.txt"
"Code of Civil Procedure 1908","rule","Order VII Rule 1","THE_CODE_OF_CIVIL_PROCEDURE,_1908.pdf.txt"
"Code of Civil Procedure 1908","rule","Order VII Rule 2","THE_CODE_OF_CIVIL_PROCEDURE,_1908.pdf.txt"
"Code of Civil Procedure 1908","rule","Order VII Rule 4","THE_CODE_OF_CIVIL_PROCEDURE,_1908.pdf.txt"
"Code of Civil Procedure 1908","rule","Order VII Rule 5","THE_CODE_OF_CIVIL_PROCEDURE,_1908.pdf.txt"
"Code of Civil Procedure 1908","rule","Order VII Rule 6","THE_CODE_OF_CIVIL_PROCEDURE,_1908.pdf.txt"
"Code of Civil Procedure 1908","rule","Order VII Rule 7","THE_CODE_OF_CIVIL_PROCEDURE,_1908.pdf.txt"
"Code of Civil Procedure 1908","rule","Order VII Rule 8","THE_CODE_OF_CIVIL_PROCEDURE,_1908.pdf.txt"
"Code of Civil Procedure 1908","rule","Order VII Rule 9","THE_CODE_OF_CIVIL_PROCEDURE,_1908.pdf.txt"
"Code of Civil Procedure 1908","rule","Order VII Rule 10","THE_CODE_OF_CIVIL_PROCEDURE,_1908.pdf.txt"
"Code of Civil Procedure 1908","rule","Order VII Rule 11","THE_CODE_OF_CIVIL_PROCEDURE,_1908.pdf.txt"
"Code of Civil Procedure 1908","rule","Order VII Rule 12","THE_CODE_OF_CIVIL_PROCEDURE,_1908.pdf.txt"
"Code of Civil Procedure 1908","rule","Order VII Rule 16","THE_CODE_OF_CIVIL_PROCEDURE,_1908.pdf.txt"
"Code of Civil Procedure 1908","rule","Order VII Rule 20","THE_CODE_OF_CIVIL_PROCEDURE,_1908.pdf.txt"
"Code of Civil Procedure 1908","rule","Order VII Rule 21","THE_CODE_OF_CIVIL_PROCEDURE,_1908.pdf.txt"
"Code of Civil Procedure 1908","rule","Order VII Rule 22","THE_CODE_OF_CIVIL_PROCEDURE,_1908.pdf.txt"
"Code of Civil Procedure 1908","rule","Order VII Rule 23","THE_CODE_OF_CIVIL_PROCEDURE,_1908.pdf.txt"
"Code of Civil Procedure 1908","rule","Order VII Rule 24","THE_CODE_OF_CIVIL_PROCEDURE,_1908.pdf.txt"
"Code of Civil Procedure 1908","rule","Order VII Rule 25","THE_CODE_OF_CIVIL_PROCEDURE,_1908.pdf.txt"
"Code of Civil Procedure 1908","rule","Order VII Rule 26","THE_CODE_OF_CIVIL_PROCEDURE,_1908.pdf.txt"
"Code of Civil Procedure 1908","rule","Order VIII Rule 1","THE_CODE_OF_CIVIL_PROCEDURE,_1908.pdf.txt"
"Code of Civil Procedure 1908","rule","Order VIII Rule 2","THE_CODE_OF_CIVIL_PROCEDURE,_1908.pdf.txt"
"Code of Civil Procedure 1908","rule","Order VIII Rule 3","THE_CODE_OF_CIVIL_PROCEDURE,_1908.pdf.txt"
"Code of Civil Procedure 1908","rule","Order VIII Rule 4","THE_CODE_OF_CIVIL_PROCEDURE,_1908.pdf.txt"
"Code of Civil Procedure 1908","rule","Order VIII Rule 5","THE_CODE_OF_CIVIL_PROCEDURE,_1908.pdf.txt"
"Code of Civil Procedure 1908","rule","Order VIII Rule 7","THE_CODE_OF_CIVIL_PROCEDURE,_1908.pdf.txt"
"Code of Civil Procedure 1908","rule","Order VIII Rule 8","THE_CODE_OF_CIVIL_PROCEDURE,_1908.pdf.txt"
"Code of Civil Procedure 1908","rule","Order VIII Rule 9","THE_CODE_OF_CIVIL_PROCEDURE,_1908.pdf.txt"
"Code of Civil Procedure 1908","rule","Order VIII Rule 12","THE_CODE_OF_CIVIL_PROCEDURE,_1908.pdf.txt"
"Code of Civil Procedure 1908","rule","Order VIII Rule 13","THE_CODE_OF_CIVIL_PROCEDURE,_1908.pdf.txt"
"Code of Civil Procedure 1908","rule","Order IX Rule 3","THE_CODE_OF_CIVIL_PROCEDURE,_1908.pdf.txt"
"Code of Civil Procedure 1908","rule","Order IX Rule 8","THE_CODE_OF_CIVIL_PROCEDURE,_1908.pdf.txt"
"Code of Civil Procedure 1908","rule","Order IX Rule 9","THE_CODE_OF_CIVIL_PROCEDURE,_1908.pdf.txt"
"Code of Civil Procedure 1908","rule","Order X Rule 2","THE_CODE_OF_CIVIL_PROCEDURE,_1908.pdf.txt"
"Code of Civil Procedure 1908","rule","Order X Rule 3","THE_CODE_OF_CIVIL_PROCEDURE,_1908.pdf.txt"
"Code of Civil Procedure 1908","rule","Order XI Rule 1","THE_CODE_OF_CIVIL_PROCEDURE,_1908.pdf.txt"
"Code of Civil Procedure 1908","rule","Order XI Rule 2","THE_CODE_OF_CIVIL_PROCEDURE,_1908.pdf.txt"
"Code of Civil Procedure 1908","rule","Order XI Rule 3","THE_CODE_OF_CIVIL_PROCEDURE,_1908.pdf.txt"
"Code of Civil Procedure 1908","rule","Order XI Rule 4","THE_CODE_OF_CIVIL_PROCEDURE,_1908.pdf.txt"
"Code of Civil Procedure 1908","rule","Order XI Rule 5","THE_CODE_OF_CIVIL_PROCEDURE,_1908.pdf.txt"
"Code of Civil Procedure 1908","rule","Order XI Rule 6","THE_CODE_OF_CIVIL_PROCEDURE,_1908.pdf.txt"
"Code of Civil Procedure 1908","rule","Order XI Rule 7","THE_CODE_OF_CIVIL_PROCEDURE,_1908.pdf.txt"
"Code of Civil Procedure 1908","rule","Order XI Rule 8","THE_CODE_OF_CIVIL_PROCEDURE,_1908.pdf.txt"
"Code of Civil Procedure 1908","rule","Order XI Rule 9","THE_CODE_OF_CIVIL_PROCEDURE,_1908.pdf.txt"
"Code of Civil Procedure 1908","rule","Order XI Rule 10","THE_CODE_OF_CIVIL_PROCEDURE,_1908.pdf.txt"
"Code of Civil Procedure 1908","rule","Order XI Rule 11","THE_CODE_OF_CIVIL_PROCEDURE,_1908.pdf.txt"
"Code of Civil Procedure 1908","rule","Order XI Rule 12","THE_CODE_OF_CIVIL_PROCEDURE,_1908.pdf.txt"
"Code of Civil Procedure 1908","rule","Order XI Rule 13","THE_CODE_OF_CIVIL_PROCEDURE,_1908.pdf.txt"
"Code of Civil Procedure 1908","rule","Order XI Rule 14","THE_CODE_OF_CIVIL_PROCEDURE,_1908.pdf.txt"
"Code of Civil Procedure 1908","rule","Order XI Rule 16","THE_CODE_OF_CIVIL_PROCEDURE,_1908.pdf.txt"
"Code of Civil Procedure 1908","rule","Order XI Rule 17","THE_CODE_OF_CIVIL_PROCEDURE,_1908.pdf.txt"
"Code of Civil Procedure 1908","rule","Order XI Rule 18","THE_CODE_OF_CIVIL_PROCEDURE,_1908.pdf.txt"
"Code of Civil Procedure 1908","rule","Order XI Rule 20","THE_CODE_OF_CIVIL_PROCEDURE,_1908.pdf.txt"
"Code of Civil Procedure 1908","rule","Order XI Rule 21","THE_CODE_OF_CIVIL_PROCEDURE,_1908.pdf.txt"
"Code of Civil Procedure 1908","rule","Order XI Rule 22","THE_CODE_OF_CIVIL_PROCEDURE,_1908.pdf.txt"
"Code of Civil Procedure 1908","rule","Order XI Rule 23","THE_CODE_OF_CIVIL_PROCEDURE,_1908.pdf.txt"
"Code of Civil Procedure 1908","rule","Order XII Rule 1","THE_CODE_OF_CIVIL_PROCEDURE,_1908.pdf.txt"
"Code of Civil Procedure 1908","rule","Order XII Rule 2","THE_CODE_OF_CIVIL_PROCEDURE,_1908.pdf.txt"
"Code of Civil Procedure 1908","rule","Order XII Rule 3","THE_CODE_OF_CIVIL_PROCEDURE,_1908.pdf.txt"
"Code of Civil Procedure 1908","rule","Order XII Rule 4","THE_CODE_OF_CIVIL_PROCEDURE,_1908.pdf.txt"
"Code of Civil Procedure 1908","rule","Order XII Rule 6","THE_CODE_OF_CIVIL_PROCEDURE,_1908.pdf.txt"
"Code of Civil Procedure 1908","rule","Order XII Rule 7","THE_CODE_OF_CIVIL_PROCEDURE,_1908.pdf.txt"
"Code of Civil Procedure 1908","rule","Order XII Rule 8","THE_CODE_OF_CIVIL_PROCEDURE,_1908.pdf.txt"
"Code of Civil Procedure 1908","rule","Order XII Rule 9","THE_CODE_OF_CIVIL_PROCEDURE,_1908.pdf.txt"
"Code of Civil Procedure 1908","rule","Order XIII Rule 1","THE_CODE_OF_CIVIL_PROCEDURE,_1908.pdf.txt"
"Code of Civil Procedure 1908","rule","Order XIII Rule 2","THE_CODE_OF_CIVIL_PROCEDURE,_1908.pdf.txt"
"Code of Civil Procedure 1908","rule","Order XIII Rule 3","THE_CODE_OF_CIVIL_PROCEDURE,_1908.pdf.txt"
"Code of Civil Procedure 1908","rule","Order XIII Rule 4","THE_CODE_OF_CIVIL_PROCEDURE,_1908.pdf.txt"
"Code of Civil Procedure 1908","rule","Order XIII Rule 7","THE_CODE_OF_CIVIL_PROCEDURE,_1908.pdf.txt"
"Code of Civil Procedure 1908","rule","Order XIII Rule 8","THE_CODE_OF_CIVIL_PROCEDURE,_1908.pdf.txt"
"Code of Civil Procedure 1908","rule","Order XIII Rule 9","THE_CODE_OF_CIVIL_PROCEDURE,_1908.pdf.txt"
"Code of Civil Procedure 1908","rule","Order XIII Rule 11","THE_CODE_OF_CIVIL_PROCEDURE,_1908.pdf.txt"
"Code of Civil Procedure 1908","rule","Order XIV Rule 1","THE_CODE_OF_CIVIL_PROCEDURE,_1908.pdf.txt"
"Code of Civil Procedure 1908","rule","Order XIV Rule 2","THE_CODE_OF_CIVIL_PROCEDURE,_1908.pdf.txt"
"Code of Civil Procedure 1908","rule","Order XIV Rule 3","THE_CODE_OF_CIVIL_PROCEDURE,_1908.pdf.txt"
"Code of Civil Procedure 1908","rule","Order XIV Rule 5","THE_CODE_OF_CIVIL_PROCEDURE,_1908.pdf.txt"
"Code of Civil Procedure 1908","rule","Order XV Rule 1","THE_CODE_OF_CIVIL_PROCEDURE,_1908.pdf.txt"
"Code of Civil Procedure 1908","rule","Order XV Rule 2","THE_CODE_OF_CIVIL_PROCEDURE,_1908.pdf.txt"
"Code of Civil Procedure 1908","rule","Order XV Rule 3","THE_CODE_OF_CIVIL_PROCEDURE,_1908.pdf.txt"
"Code of Civil Procedure 1908","rule","Order XV Rule 4","THE_CODE_OF_CIVIL_PROCEDURE,_1908.pdf.txt"
"Code of Civil Procedure 1908","rule","Order XVI Rule 3","THE_CODE_OF_CIVIL_PROCEDURE,_1908.pdf.txt"
"Code of Civil Procedure 1908","rule","Order XVI Rule 6","THE_CODE_OF_CIVIL_PROCEDURE,_1908.pdf.txt"
"Code of Civil Procedure 1908","rule","Order XVI Rule 9","THE_CODE_OF_CIVIL_PROCEDURE,_1908.pdf.txt"
"Code of Civil Procedure 1908","rule","Order XVI Rule 10","THE_CODE_OF_CIVIL_PROCEDURE,_1908.pdf.txt"
"Code of Civil Procedure 1908","rule","Order XVI Rule 11","THE_CODE_OF_CIVIL_PROCEDURE,_1908.pdf.txt"
"Code of Civil Procedure 1908","rule","Order XVI Rule 12","THE_CODE_OF_CIVIL_PROCEDURE,_1908.pdf.txt"
"Code of Civil Procedure 1908","rule","Order XVI Rule 13","THE_CODE_OF_CIVIL_PROCEDURE,_1908.pdf.txt"
"Code of Civil Procedure 1908","rule","Order XVI Rule 16","THE_CODE_OF_CIVIL_PROCEDURE,_1908.pdf.txt"
"Code of Civil Procedure 1908","rule","Order XVI Rule 17","THE_CODE_OF_CIVIL_PROCEDURE,_1908.pdf.txt"
"Code of Civil Procedure 1908","rule","Order XVI Rule 21","THE_CODE_OF_CIVIL_PROCEDURE,_1908.pdf.txt"
"Code of Civil Procedure 1908","rule","Order XVII Rule 2","THE_CODE_OF_CIVIL_PROCEDURE,_1908.pdf.txt"
"Code of Civil Procedure 1908","rule","Order XVIII Rule 1","THE_CODE_OF_CIVIL_PROCEDURE,_1908.pdf.txt"
"Code of Civil Procedure 1908","rule","Order XVIII Rule 2","THE_CODE_OF_CIVIL_PROCEDURE,_1908.pdf.txt"
"Code of Civil Procedure 1908","rule","Order XVIII Rule 3","THE_CODE_OF_CIVIL_PROCEDURE,_1908.pdf.txt"
"Code of Civil Procedure 1908","rule","Order XVIII Rule 4","THE_CODE_OF_CIVIL_PROCEDURE,_1908.pdf.txt"
"Code of Civil Procedure 1908","rule","Order XVIII Rule 5","THE_CODE_OF_CIVIL_PROCEDURE,_1908.pdf.txt"
"Code of Civil Procedure 1908","rule","Order XVIII Rule 6","THE_CODE_OF_CIVIL_PROCEDURE,_1908.pdf.txt"
"Code of Civil Procedure 1908","rule","Order XVIII Rule 8","THE_CODE_OF_CIVIL_PROCEDURE,_1908.pdf.txt"
"Code of Civil Procedure 1908","rule","Order XVIII Rule 9","THE_CODE_OF_CIVIL_PROCEDURE,_1908.pdf.txt"
"Code of Civil Procedure 1908","rule","Order XVIII Rule 10","THE_CODE_OF_CIVIL_PROCEDURE,_1908.pdf.txt"
"Code of Civil Procedure 1908","rule","Order XVIII Rule 11","THE_CODE_OF_CIVIL_PROCEDURE,_1908.pdf.txt"
"Code of Civil Procedure 1908","rule","Order XVIII Rule 12","THE_CODE_OF_CIVIL_PROCEDURE,_1908.pdf.txt"
"Code of Civil Procedure 1908","rule","Order XVIII Rule 13","THE_CODE_OF_CIVIL_PROCEDURE,_1908.pdf.txt"
"Code of Civil Procedure 1908","rule","Order XVIII Rule 15","THE_CODE_OF_CIVIL_PROCEDURE,_1908.pdf.txt"
"Code of Civil Procedure 1908","rule","Order XVIII Rule 16","THE_CODE_OF_CIVIL_PROCEDURE,_1908.pdf.txt"
"Code of Civil Procedure 1908","rule","Order XVIII Rule 17","THE_CODE_OF_CIVIL_PROCEDURE,_1908.pdf.txt"
"Code of Civil Procedure 1908","rule","Order XVIII Rule 18","THE_CODE_OF_CIVIL_PROCEDURE,_1908.pdf.txt"
"Code of Civil Procedure 1908","rule","Order XIX Rule 1","THE_CODE_OF_CIVIL_PROCEDURE,_1908.pdf.txt"
"Code of Civil Procedure 1908","rule","Order XIX Rule 3","THE_CODE_OF_CIVIL_PROCEDURE,_1908.pdf.txt"
"Code of Civil Procedure 1908","rule","Order XX Rule 3","THE_CODE_OF_CIVIL_PROCEDURE,_1908.pdf.txt"
"Code of Civil Procedure 1908","rule","Order XX Rule 5","THE_CODE_OF_CIVIL_PROCEDURE,_1908.pdf.txt"
"Code of Civil Procedure 1908","rule","Order XX Rule 6","THE_CODE_OF_CIVIL_PROCEDURE,_1908.pdf.txt"
"Code of Civil Procedure 1908","rule","Order XX Rule 7","THE_CODE_OF_CIVIL_PROCEDURE,_1908.pdf.txt"
"Code of Civil Procedure 1908","rule","Order XX Rule 9","THE_CODE_OF_CIVIL_PROCEDURE,_1908.pdf.txt"
"Code of Civil Procedure 1908","rule","Order XX Rule 10","THE_CODE_OF_CIVIL_PROCEDURE,_1908.pdf.txt"
"Code of Civil Procedure 1908","rule","Order XX Rule 12","THE_CODE_OF_CIVIL_PROCEDURE,_1908.pdf.txt"
"Code of Civil Procedure 1908","rule","Order XX Rule 13","THE_CODE_OF_CIVIL_PROCEDURE,_1908.pdf.txt"
"Code of Civil Procedure 1908","rule","Order XX Rule 14","THE_CODE_OF_CIVIL_PROCEDURE,_1908.pdf.txt"
"Code of Civil Procedure 1908","rule","Order XX Rule 15","THE_CODE_OF_CIVIL_PROCEDURE,_1908.pdf.txt"
"Code of Civil Procedure 1908","rule","Order XX Rule 17","THE_CODE_OF_CIVIL_PROCEDURE,_1908.pdf.txt"
"Code of Civil Procedure 1908","rule","Order XXI Rule 1","THE_CODE_OF_CIVIL_PROCEDURE,_1908.pdf.txt"
"Code of Civil Procedure 1908","rule","Order XXI Rule 3","THE_CODE_OF_CIVIL_PROCEDURE,_1908.pdf.txt"
"Code of Civil Procedure 1908","rule","Order XXI Rule 5","THE_CODE_OF_CIVIL_PROCEDURE,_1908.pdf.txt"
"Code of Civil Procedure 1908","rule","Order XXI Rule 10","THE_CODE_OF_CIVIL_PROCEDURE,_1908.pdf.txt"
"Code of Civil Procedure 1908","rule","Order XXI Rule 11","THE_CODE_OF_CIVIL_PROCEDURE,_1908.pdf.txt"
"Code of Civil Procedure 1908","rule","Order XXI Rule 15","THE_CODE_OF_CIVIL_PROCEDURE,_1908.pdf.txt"
"Code of Civil Procedure 1908","rule","Order XXI Rule 16","THE_CODE_OF_CIVIL_PROCEDURE,_1908.pdf.txt"
"Code of Civil Procedure 1908","rule","Order XXI Rule 18","THE_CODE_OF_CIVIL_PROCEDURE,_1908.pdf.txt"
"Code of Civil Procedure 1908","rule","Order XXI Rule 19","THE_CODE_OF_CIVIL_PROCEDURE,_1908.pdf.txt"
"Code of Civil Procedure 1908","rule","Order XXI Rule 20","THE_CODE_OF_CIVIL_PROCEDURE,_1908.pdf.txt"
"Code of Civil Procedure 1908","rule","Order XXI Rule 21","THE_CODE_OF_CIVIL_PROCEDURE,_1908.pdf.txt"
"Code of Civil Procedure 1908","rule","Order XXI Rule 23","THE_CODE_OF_CIVIL_PROCEDURE,_1908.pdf.txt"
"Code of Civil Procedure 1908","rule","Order XXI Rule 24","THE_CODE_OF_CIVIL_PROCEDURE,_1908.pdf.txt"
"Code of Civil Procedure 1908","rule","Order XXI Rule 25","THE_CODE_OF_CIVIL_PROCEDURE,_1908.pdf.txt"
"Code of Civil Procedure 1908","rule","Order XXI Rule 26","THE_CODE_OF_CIVIL_PROCEDURE,_1908.pdf.txt"
"Code of Civil Procedure 1908","rule","Order XXI Rule 27","THE_CODE_OF_CIVIL_PROCEDURE,_1908.pdf.txt"
"Code of Civil Procedure 1908","rule","Order XXI Rule 30","THE_CODE_OF_CIVIL_PROCEDURE,_1908.pdf.txt"
"Code of Civil Procedure 1908","rule","Order XXI Rule 31","THE_CODE_OF_CIVIL_PROCEDURE,_1908.pdf.txt"
"Code of Civil Procedure 1908","rule","Order XXI Rule 35","THE_CODE_OF_CIVIL_PROCEDURE,_1908.pdf.txt"
"Code of Civil Procedure 1908","rule","Order XXI Rule 41","THE_CODE_OF_CIVIL_PROCEDURE,_1908.pdf.txt"
"Code of Civil Procedure 1908","rule","Order XXI Rule 44","THE_CODE_OF_CIVIL_PROCEDURE,_1908.pdf.txt"
"Code of Civil Procedure 1908","rule","Order XXI Rule 45","THE_CODE_OF_CIVIL_PROCEDURE,_1908.pdf.txt"
"Code of Civil Procedure 1908","rule","Order XXI Rule 47","THE_CODE_OF_CIVIL_PROCEDURE,_1908.pdf.txt"
"Code of Civil Procedure 1908","rule","Order XXI Rule 49","THE_CODE_OF_CIVIL_PROCEDURE,_1908.pdf.txt"
"Code of Civil Procedure 1908","rule","Order XXI Rule 50","THE_CODE_OF_CIVIL_PROCEDURE,_1908.pdf.txt"
"Code of Civil Procedure 1908","rule","Order XXI Rule 51","THE_CODE_OF_CIVIL_PROCEDURE,_1908.pdf.txt"
"Code of Civil Procedure 1908","rule","Order XXI Rule 53","THE_CODE_OF_CIVIL_PROCEDURE,_1908.pdf.txt"
"Code of Civil Procedure 1908","rule","Order XXI Rule 54","THE_CODE_OF_CIVIL_PROCEDURE,_1908.pdf.txt"
"Code of Civil Procedure 1908","rule","Order XXI Rule 55","THE_CODE_OF_CIVIL_PROCEDURE,_1908.pdf.txt"
"Code of Civil Procedure 1908","rule","Order XXI Rule 60","THE_CODE_OF_CIVIL_PROCEDURE,_1908.pdf.txt"
"Code of Civil Procedure 1908","rule","Order XXI Rule 63","THE_CODE_OF_CIVIL_PROCEDURE,_1908.pdf.txt"
"Code of Civil Procedure 1908","rule","Order XXI Rule 65","THE_CODE_OF_CIVIL_PROCEDURE,_1908.pdf.txt"
"Code of Civil Procedure 1908","rule","Order XXI Rule 66","THE_CODE_OF_CIVIL_PROCEDURE,_1908.pdf.txt"
"Code of Civil Procedure 1908","rule","Order XXI Rule 67","THE_CODE_OF_CIVIL_PROCEDURE,_1908.pdf.txt"
"Code of Civil Procedure 1908","rule","Order XXI Rule 68","THE_CODE_OF_CIVIL_PROCEDURE,_1908.pdf.txt"
"Code of Civil Procedure 1908","rule","Order XXI Rule 69","THE_CODE_OF_CIVIL_PROCEDURE,_1908.pdf.txt"
"Code of Civil Procedure 1908","rule","Order XXI Rule 70","THE_CODE_OF_CIVIL_PROCEDURE,_1908.pdf.txt"
"Code of Civil Procedure 1908","rule","Order XXI Rule 71","THE_CODE_OF_CIVIL_PROCEDURE,_1908.pdf.txt"
"Code of Civil Procedure 1908","rule","Order XXI Rule 74","THE_CODE_OF_CIVIL_PROCEDURE,_1908.pdf.txt"
"Code of Civil Procedure 1908","rule","Order XXI Rule 75","THE_CODE_OF_CIVIL_PROCEDURE,_1908.pdf.txt"
"Code of Civil Procedure 1908","rule","Order XXI Rule 76","THE_CODE_OF_CIVIL_PROCEDURE,_1908.pdf.txt"
"Code of Civil Procedure 1908","rule","Order XXI Rule 77","THE_CODE_OF_CIVIL_PROCEDURE,_1908.pdf.txt"
"Code of Civil Procedure 1908","rule","Order XXI Rule 79","THE_CODE_OF_CIVIL_PROCEDURE,_1908.pdf.txt"
"Code of Civil Procedure 1908","rule","Order XXI Rule 80","THE_CODE_OF_CIVIL_PROCEDURE,_1908.pdf.txt"
"Code of Civil Procedure 1908","rule","Order XXI Rule 82","THE_CODE_OF_CIVIL_PROCEDURE,_1908.pdf.txt"
"Code of Civil Procedure 1908","rule","Order XXI Rule 84","THE_CODE_OF_CIVIL_PROCEDURE,_1908.pdf.txt"
"Code of Civil Procedure 1908","rule","Order XXI Rule 85","THE_CODE_OF_CIVIL_PROCEDURE,_1908.pdf.txt"
"Code of Civil Procedure 1908","rule","Order XXI Rule 86","THE_CODE_OF_CIVIL_PROCEDURE,_1908.pdf.txt"
"Code of Civil Procedure 1908","rule","Order XXI Rule 87","THE_CODE_OF_CIVIL_PROCEDURE,_1908.pdf.txt"
"Code of Civil Procedure 1908","rule","Order XXI Rule 88","THE_CODE_OF_CIVIL_PROCEDURE,_1908.pdf.txt"
"Code of Civil Procedure 1908","rule","Order XXI Rule 89","THE_CODE_OF_CIVIL_PROCEDURE,_1908.pdf.txt"
"Code of Civil Procedure 1908","rule","Order XXI Rule 92","THE_CODE_OF_CIVIL_PROCEDURE,_1908.pdf.txt"
"Code of Civil Procedure 1908","rule","Order XXI Rule 93","THE_CODE_OF_CIVIL_PROCEDURE,_1908.pdf.txt"
"Code of Civil Procedure 1908","rule","Order XXI Rule 94","THE_CODE_OF_CIVIL_PROCEDURE,_1908.pdf.txt"
"Code of Civil Procedure 1908","rule","Order XXI Rule 95","THE_CODE_OF_CIVIL_PROCEDURE,_1908.pdf.txt"
"Code of Civil Procedure 1908","rule","Order XXI Rule 98","THE_CODE_OF_CIVIL_PROCEDURE,_1908.pdf.txt"
"Code of Civil Procedure 1908","rule","Order XXI Rule 99","THE_CODE_OF_CIVIL_PROCEDURE,_1908.pdf.txt"
"Code of Civil Procedure 1908","rule","Order XXI Rule 100","THE_CODE_OF_CIVIL_PROCEDURE,_1908.pdf.txt"
"Code of Civil Procedure 1908","rule","Order XXI Rule 101","THE_CODE_OF_CIVIL_PROCEDURE,_1908.pdf.txt"
"Code of Civil Procedure 1908","rule","Order XXII Rule 1","THE_CODE_OF_CIVIL_PROCEDURE,_1908.pdf.txt"
"Code of Civil Procedure 1908","rule","Order XXII Rule 5","THE_CODE_OF_CIVIL_PROCEDURE,_1908.pdf.txt"
"Code of Civil Procedure 1908","rule","Order XXII Rule 6","THE_CODE_OF_CIVIL_PROCEDURE,_1908.pdf.txt"
"Code of Civil Procedure 1908","rule","Order XXII Rule 7","THE_CODE_OF_CIVIL_PROCEDURE,_1908.pdf.txt"
"Code of Civil Procedure 1908","rule","Order XXII Rule 11","THE_CODE_OF_CIVIL_PROCEDURE,_1908.pdf.txt"
"Code of Civil Procedure 1908","rule","Order XXII Rule 12","THE_CODE_OF_CIVIL_PROCEDURE,_1908.pdf.txt"
"Code of Civil Procedure 1908","rule","Order XXIII Rule 1","THE_CODE_OF_CIVIL_PROCEDURE,_1908.pdf.txt"
"Code of Civil Procedure 1908","rule","Order XXIII Rule 2","THE_CODE_OF_CIVIL_PROCEDURE,_1908.pdf.txt"
"Code of Civil Procedure 1908","rule","Order XXIII Rule 3","THE_CODE_OF_CIVIL_PROCEDURE,_1908.pdf.txt"
"Code of Civil Procedure 1908","rule","Order XXIII Rule 4","THE_CODE_OF_CIVIL_PROCEDURE,_1908.pdf.txt"
"Code of Civil Procedure 1908","rule","Order XXIV Rule 1","THE_CODE_OF_CIVIL_PROCEDURE,_1908.pdf.txt"
"Code of Civil Procedure 1908","rule","Order XXIV Rule 2","THE_CODE_OF_CIVIL_PROCEDURE,_1908.pdf.txt"
"Code of Civil Procedure 1908","rule","Order XXV Rule 2","THE_CODE_OF_CIVIL_PROCEDURE,_1908.pdf.txt"
"Code of Civil Procedure 1908","rule","Order XXVI Rule 2","THE_CODE_OF_CIVIL_PROCEDURE,_1908.pdf.txt"
"Code of Civil Procedure 1908","rule","Order XXVI Rule 3","THE_CODE_OF_CIVIL_PROCEDURE,_1908.pdf.txt"
"Code of Civil Procedure 1908","rule","Order XXVI Rule 4","THE_CODE_OF_CIVIL_PROCEDURE,_1908.pdf.txt"
"Code of Civil Procedure 1908","rule","Order XXVI Rule 6","THE_CODE_OF_CIVIL_PROCEDURE,_1908.pdf.txt"
"Code of Civil Procedure 1908","rule","Order XXVI Rule 7","THE_CODE_OF_CIVIL_PROCEDURE,_1908.pdf.txt"
"Code of Civil Procedure 1908","rule","Order XXVI Rule 9","THE_CODE_OF_CIVIL_PROCEDURE,_1908.pdf.txt"
"Code of Civil Procedure 1908","rule","Order XXVI Rule 11","THE_CODE_OF_CIVIL_PROCEDURE,_1908.pdf.txt"
"Code of Civil Procedure 1908","rule","Order XXVI Rule 13","THE_CODE_OF_CIVIL_PROCEDURE,_1908.pdf.txt"
"Code of Civil Procedure 1908","rule","Order XXVI Rule 14","THE_CODE_OF_CIVIL_PROCEDURE,_1908.pdf.txt"
"Code of Civil Procedure 1908","rule","Order XXVI Rule 15","THE_CODE_OF_CIVIL_PROCEDURE,_1908.pdf.txt"
"Code of Civil Procedure 1908","rule","Order XXVI Rule 16","THE_CODE_OF_CIVIL_PROCEDURE,_1908.pdf.txt"
"Code of Civil Procedure 1908","rule","Order XXVI Rule 20","THE_CODE_OF_CIVIL_PROCEDURE,_1908.pdf.txt"
"Code of Civil Procedure 1908","rule","Order XXVI Rule 21","THE_CODE_OF_CIVIL_PROCEDURE,_1908.pdf.txt"
"Code of Civil Procedure 1908","rule","Order XXVII Rule 1","THE_CODE_OF_CIVIL_PROCEDURE,_1908.pdf.txt"
"Code of Civil Procedure 1908","rule","Order XXVII Rule 42","THE_CODE_OF_CIVIL_PROCEDURE,_1908.pdf.txt"
"Code of Civil Procedure 1908","rule","Order XXVII Rule 3","THE_CODE_OF_CIVIL_PROCEDURE,_1908.pdf.txt"
"Code of Civil Procedure 1908","rule","Order XXVII Rule 5","THE_CODE_OF_CIVIL_PROCEDURE,_1908.pdf.txt"
"Code of Civil Procedure 1908","rule","Order XXVII Rule 38","THE_CODE_OF_CIVIL_PROCEDURE,_1908.pdf.txt"
"Code of Civil Procedure 1908","rule","Order XXVII Rule 2","THE_CODE_OF_CIVIL_PROCEDURE,_1908.pdf.txt"
"Code of Civil Procedure 1908","rule","Order XXVII Rule 4","THE_CODE_OF_CIVIL_PROCEDURE,_1908.pdf.txt"
"Code of Civil Procedure 1908","rule","Order XXIX Rule 1","THE_CODE_OF_CIVIL_PROCEDURE,_1908.pdf.txt"
"Code of Civil Procedure 1908","rule","Order XXIX Rule 2","THE_CODE_OF_CIVIL_PROCEDURE,_1908.pdf.txt"
"Code of Civil Procedure 1908","rule","Order XXX Rule 1","THE_CODE_OF_CIVIL_PROCEDURE,_1908.pdf.txt"
"Code of Civil Procedure 1908","rule","Order XXX Rule 2","THE_CODE_OF_CIVIL_PROCEDURE,_1908.pdf.txt"
"Code of Civil Procedure 1908","rule","Order XXX Rule 3","THE_CODE_OF_CIVIL_PROCEDURE,_1908.pdf.txt"
"Code of Civil Procedure 1908","rule","Order XXX Rule 4","THE_CODE_OF_CIVIL_PROCEDURE,_1908.pdf.txt"
"Code of Civil Procedure 1908","rule","Order XXX Rule 5","THE_CODE_OF_CIVIL_PROCEDURE,_1908.pdf.txt"
"Code of Civil Procedure 1908","rule","Order XXX Rule 6","THE_CODE_OF_CIVIL_PROCEDURE,_1908.pdf.txt"
"Code of Civil Procedure 1908","rule","Order XXX Rule 7","THE_CODE_OF_CIVIL_PROCEDURE,_1908.pdf.txt"
"Code of Civil Procedure 1908","rule","Order XXX Rule 8","THE_CODE_OF_CIVIL_PROCEDURE,_1908.pdf.txt"
"Code of Civil Procedure 1908","rule","Order XXX Rule 9","THE_CODE_OF_CIVIL_PROCEDURE,_1908.pdf.txt"
"Code of Civil Procedure 1908","rule","Order XXXI Rule 2","THE_CODE_OF_CIVIL_PROCEDURE,_1908.pdf.txt"
"Code of Civil Procedure 1908","rule","Order XXXI Rule 3","THE_CODE_OF_CIVIL_PROCEDURE,_1908.pdf.txt"
"Code of Civil Procedure 1908","rule","Order XXXII Rule 1","THE_CODE_OF_CIVIL_PROCEDURE,_1908.pdf.txt"
"Code of Civil Procedure 1908","rule","Order XXXII Rule 8","THE_CODE_OF_CIVIL_PROCEDURE,_1908.pdf.txt"
"Code of Civil Procedure 1908","rule","Order XXXII Rule 9","THE_CODE_OF_CIVIL_PROCEDURE,_1908.pdf.txt"
"Code of Civil Procedure 1908","rule","Order XXXII Rule 10","THE_CODE_OF_CIVIL_PROCEDURE,_1908.pdf.txt"
"Code of Civil Procedure 1908","rule","Order XXXII Rule 11","THE_CODE_OF_CIVIL_PROCEDURE,_1908.pdf.txt"
"Code of Civil Procedure 1908","rule","Order XXXII Rule 14","THE_CODE_OF_CIVIL_PROCEDURE,_1908.pdf.txt"
"Code of Civil Procedure 1908","rule","Order XXXII Rule 15","THE_CODE_OF_CIVIL_PROCEDURE,_1908.pdf.txt"
"Code of Civil Procedure 1908","rule","Order XXXIII Rule 1","THE_CODE_OF_CIVIL_PROCEDURE,_1908.pdf.txt"
"Code of Civil Procedure 1908","rule","Order XXXIII Rule 2","THE_CODE_OF_CIVIL_PROCEDURE,_1908.pdf.txt"
"Code of Civil Procedure 1908","rule","Order XXXIII Rule 3","THE_CODE_OF_CIVIL_PROCEDURE,_1908.pdf.txt"
"Code of Civil Procedure 1908","rule","Order XXXIII Rule 5","THE_CODE_OF_CIVIL_PROCEDURE,_1908.pdf.txt"
"Code of Civil Procedure 1908","rule","Order XXXIII Rule 7","THE_CODE_OF_CIVIL_PROCEDURE,_1908.pdf.txt"
"Code of Civil Procedure 1908","rule","Order XXXIII Rule 8","THE_CODE_OF_CIVIL_PROCEDURE,_1908.pdf.txt"
"Code of Civil Procedure 1908","rule","Order XXXIII Rule 9","THE_CODE_OF_CIVIL_PROCEDURE,_1908.pdf.txt"
"Code of Civil Procedure 1908","rule","Order XXXIII Rule 10","THE_CODE_OF_CIVIL_PROCEDURE,_1908.pdf.txt"
"Code of Civil Procedure 1908","rule","Order XXXIII Rule 11","THE_CODE_OF_CIVIL_PROCEDURE,_1908.pdf.txt"
"Code of Civil Procedure 1908","rule","Order XXXIII Rule 13","THE_CODE_OF_CIVIL_PROCEDURE,_1908.pdf.txt"
"Code of Civil Procedure 1908","rule","Order XXXIII Rule 16","THE_CODE_OF_CIVIL_PROCEDURE,_1908.pdf.txt"
"Code of Civil Procedure 1908","rule","Order XXXIV Rule 1","THE_CODE_OF_CIVIL_PROCEDURE,_1908.pdf.txt"
"Code of Civil Procedure 1908","rule","Order XXXIV Rule 4","THE_CODE_OF_CIVIL_PROCEDURE,_1908.pdf.txt"
"Code of Civil Procedure 1908","rule","Order XXXIV Rule 5","THE_CODE_OF_CIVIL_PROCEDURE,_1908.pdf.txt"
"Code of Civil Procedure 1908","rule","Order XXXIV Rule 6","THE_CODE_OF_CIVIL_PROCEDURE,_1908.pdf.txt"
"Code of Civil Procedure 1908","rule","Order XXXIV Rule 7","THE_CODE_OF_CIVIL_PROCEDURE,_1908.pdf.txt"
"Code of Civil Procedure 1908","rule","Order XXXIV Rule 8","THE_CODE_OF_CIVIL_PROCEDURE,_1908.pdf.txt"
"Code of Civil Procedure 1908","rule","Order XXXIV Rule 11","THE_CODE_OF_CIVIL_PROCEDURE,_1908.pdf.txt"
"Code of Civil Procedure 1908","rule","Order XXXIV Rule 12","THE_CODE_OF_CIVIL_PROCEDURE,_1908.pdf.txt"
"Code of Civil Procedure 1908","rule","Order XXXIV Rule 13","THE_CODE_OF_CIVIL_PROCEDURE,_1908.pdf.txt"
"Code of Civil Procedure 1908","rule","Order XXXV Rule 1","THE_CODE_OF_CIVIL_PROCEDURE,_1908.pdf.txt"
"Code of Civil Procedure 1908","rule","Order XXXV Rule 2","THE_CODE_OF_CIVIL_PROCEDURE,_1908.pdf.txt"
"Code of Civil Procedure 1908","rule","Order XXXV Rule 3","THE_CODE_OF_CIVIL_PROCEDURE,_1908.pdf.txt"
"Code of Civil Procedure 1908","rule","Order XXXV Rule 4","THE_CODE_OF_CIVIL_PROCEDURE,_1908.pdf.txt"
"Code of Civil Procedure 1908","rule","Order XXXV Rule 5","THE_CODE_OF_CIVIL_PROCEDURE,_1908.pdf.txt"
"Code of Civil Procedure 1908","rule","Order XXXV Rule 6","THE_CODE_OF_CIVIL_PROCEDURE,_1908.pdf.txt"
"Code of Civil Procedure 1908","rule","Order XXXVI Rule 1","THE_CODE_OF_CIVIL_PROCEDURE,_1908.pdf.txt"
"Code of Civil Procedure 1908","rule","Order XXXVI Rule 2","THE_CODE_OF_CIVIL_PROCEDURE,_1908.pdf.txt"
"Code of Civil Procedure 1908","rule","Order XXXVI Rule 3","THE_CODE_OF_CIVIL_PROCEDURE,_1908.pdf.txt"
"Code of Civil Procedure 1908","rule","Order XXXVI Rule 4","THE_CODE_OF_CIVIL_PROCEDURE,_1908.pdf.txt"
"Code of Civil Procedure 1908","rule","Order XXXVI Rule 5","THE_CODE_OF_CIVIL_PROCEDURE,_1908.pdf.txt"
"Code of Civil Procedure 1908","rule","Order XXXVII Rule 4","THE_CODE_OF_CIVIL_PROCEDURE,_1908.pdf.txt"
"Code of Civil Procedure 1908","rule","Order XXXVII Rule 7","THE_CODE_OF_CIVIL_PROCEDURE,_1908.pdf.txt"
"Code of Civil Procedure 1908","rule","Order XXXVIII Rule 2","THE_CODE_OF_CIVIL_PROCEDURE,_1908.pdf.txt"
"Code of Civil Procedure 1908","rule","Order XXXVIII Rule 3","THE_CODE_OF_CIVIL_PROCEDURE,_1908.pdf.txt"
"Code of Civil Procedure 1908","rule","Order XXXVIII Rule 7","THE_CODE_OF_CIVIL_PROCEDURE,_1908.pdf.txt"
"Code of Civil Procedure 1908","rule","Order XXXVIII Rule 12","THE_CODE_OF_CIVIL_PROCEDURE,_1908.pdf.txt"
"Code of Civil Procedure 1908","rule","Order XXXIX Rule 1","THE_CODE_OF_CIVIL_PROCEDURE,_1908.pdf.txt"
"Code of Civil Procedure 1908","rule","Order XXXIX Rule 6","THE_CODE_OF_CIVIL_PROCEDURE,_1908.pdf.txt"
"Code of Civil Procedure 1908","rule","Order XXXIX Rule 8","THE_CODE_OF_CIVIL_PROCEDURE,_1908.pdf.txt"
"Code of Civil Procedure 1908","rule","Order XXXIX Rule 10","THE_CODE_OF_CIVIL_PROCEDURE,_1908.pdf.txt"
"Code of Civil Procedure 1908","rule","Order XL Rule 1","THE_CODE_OF_CIVIL_PROCEDURE,_1908.pdf.txt"
"Code of Civil Procedure 1908","rule","Order XL Rule 2","THE_CODE_OF_CIVIL_PROCEDURE,_1908.pdf.txt"
"Code of Civil Procedure 1908","rule","Order XL Rule 3","THE_CODE_OF_CIVIL_PROCEDURE,_1908.pdf.txt"
"Code of Civil Procedure 1908","rule","Order XL Rule 4","THE_CODE_OF_CIVIL_PROCEDURE,_1908.pdf.txt"
"Code of Civil Procedure 1908","rule","Order XL Rule 5","THE_CODE_OF_CIVIL_PROCEDURE,_1908.pdf.txt"
"Code of Civil Procedure 1908","rule","Order XLI Rule 2","THE_CODE_OF_CIVIL_PROCEDURE,_1908.pdf.txt"
"Code of Civil Procedure 1908","rule","Order XLI Rule 3","THE_CODE_OF_CIVIL_PROCEDURE,_1908.pdf.txt"
"Code of Civil Procedure 1908","rule","Order XLI Rule 9","THE_CODE_OF_CIVIL_PROCEDURE,_1908.pdf.txt"
"Code of Civil Procedure 1908","rule","Order XLI Rule 12","THE_CODE_OF_CIVIL_PROCEDURE,_1908.pdf.txt"
"Code of Civil Procedure 1908","rule","Order XLI Rule 15","THE_CODE_OF_CIVIL_PROCEDURE,_1908.pdf.txt"
"Code of Civil Procedure 1908","rule","Order XLI Rule 16","THE_CODE_OF_CIVIL_PROCEDURE,_1908.pdf.txt"
"Code of Civil Procedure 1908","rule","Order XLI Rule 19","THE_CODE_OF_CIVIL_PROCEDURE,_1908.pdf.txt"
"Code of Civil Procedure 1908","rule","Order XLI Rule 23","THE_CODE_OF_CIVIL_PROCEDURE,_1908.pdf.txt"
"Code of Civil Procedure 1908","rule","Order XLI Rule 27","THE_CODE_OF_CIVIL_PROCEDURE,_1908.pdf.txt"
"Code of Civil Procedure 1908","rule","Order XLI Rule 28","THE_CODE_OF_CIVIL_PROCEDURE,_1908.pdf.txt"
"Code of Civil Procedure 1908","rule","Order XLI Rule 29","THE_CODE_OF_CIVIL_PROCEDURE,_1908.pdf.txt"
"Code of Civil Procedure 1908","rule","Order XLI Rule 30","THE_CODE_OF_CIVIL_PROCEDURE,_1908.pdf.txt"
"Code of Civil Procedure 1908","rule","Order XLI Rule 31","THE_CODE_OF_CIVIL_PROCEDURE,_1908.pdf.txt"
"Code of Civil Procedure 1908","rule","Order XLI Rule 32","THE_CODE_OF_CIVIL_PROCEDURE,_1908.pdf.txt"
"Code of Civil Procedure 1908","rule","Order XLI Rule 33","THE_CODE_OF_CIVIL_PROCEDURE,_1908.pdf.txt"
"Code of Civil Procedure 1908","rule","Order XLI Rule 34","THE_CODE_OF_CIVIL_PROCEDURE,_1908.pdf.txt"
"Code of Civil Procedure 1908","rule","Order XLII Rule 1","THE_CODE_OF_CIVIL_PROCEDURE,_1908.pdf.txt"
"Code of Civil Procedure 1908","rule","Order XLIII Rule 1","THE_CODE_OF_CIVIL_PROCEDURE,_1908.pdf.txt"
"Code of Civil Procedure 1908","rule","Order XLIV Rule 2","THE_CODE_OF_CIVIL_PROCEDURE,_1908.pdf.txt"
"Code of Civil Procedure 1908","rule","Order XLV Rule 2","THE_CODE_OF_CIVIL_PROCEDURE,_1908.pdf.txt"
"Code of Civil Procedure 1908","rule","Order XLV Rule 4","THE_CODE_OF_CIVIL_PROCEDURE,_1908.pdf.txt"
"Code of Civil Procedure 1908","rule","Order XLV Rule 5","THE_CODE_OF_CIVIL_PROCEDURE,_1908.pdf.txt"
"Code of Civil Procedure 1908","rule","Order XLV Rule 6","THE_CODE_OF_CIVIL_PROCEDURE,_1908.pdf.txt"
"Code of Civil Procedure 1908","rule","Order XLV Rule 7","THE_CODE_OF_CIVIL_PROCEDURE,_1908.pdf.txt"
"Code of Civil Procedure 1908","rule","Order XLV Rule 8","THE_CODE_OF_CIVIL_PROCEDURE,_1908.pdf.txt"
"Code of Civil Procedure 1908","rule","Order XLV Rule 9","THE_CODE_OF_CIVIL_PROCEDURE,_1908.pdf.txt"
"Code of Civil Procedure 1908","rule","Order XLV Rule 9A","THE_CODE_OF_CIVIL_PROCEDURE,_1908.pdf.txt"
"Code of Civil Procedure 1908","rule","Order XLV Rule 10","THE_CODE_OF_CIVIL_PROCEDURE,_1908.pdf.txt"
"Code of Civil Procedure 1908","rule","Order XLV Rule 11","THE_CODE_OF_CIVIL_PROCEDURE,_1908.pdf.txt"
"Code of Civil Procedure 1908","rule","Order XLV Rule 12","THE_CODE_OF_CIVIL_PROCEDURE,_1908.pdf.txt"
"Code of Civil Procedure 1908","rule","Order XLV Rule 13","THE_CODE_OF_CIVIL_PROCEDURE,_1908.pdf.txt"
"Code of Civil Procedure 1908","rule","Order XLV Rule 14","THE_CODE_OF_CIVIL_PROCEDURE,_1908.pdf.txt"
"Code of Civil Procedure 1908","rule","Order XLV Rule 15","THE_CODE_OF_CIVIL_PROCEDURE,_1908.pdf.txt"
"Code of Civil Procedure 1908","rule","Order XLV Rule 16","THE_CODE_OF_CIVIL_PROCEDURE,_1908.pdf.txt"
"Code of Civil Procedure 1908","rule","Order XLVI Rule 1","THE_CODE_OF_CIVIL_PROCEDURE,_1908.pdf.txt"
"Code of Civil Procedure 1908","rule","Order XLVI Rule 4","THE_CODE_OF_CIVIL_PROCEDURE,_1908.pdf.txt"
"Code of Civil Procedure 1908","rule","Order XLVI Rule 5","THE_CODE_OF_CIVIL_PROCEDURE,_1908.pdf.txt"
"Code of Civil Procedure 1908","rule","Order XLVII Rule 1","THE_CODE_OF_CIVIL_PROCEDURE,_1908.pdf.txt"
"Code of Civil Procedure 1908","rule","Order XLVII Rule 2","THE_CODE_OF_CIVIL_PROCEDURE,_1908.pdf.txt"
"Code of Civil Procedure 1908","rule","Order XLVII Rule 3","THE_CODE_OF_CIVIL_PROCEDURE,_1908.pdf.txt"
"Code of Civil Procedure 1908","rule","Order XLVII Rule 4","THE_CODE_OF_CIVIL_PROCEDURE,_1908.pdf.txt"
"Code of Civil Procedure 1908","rule","Order XLVII Rule 6","THE_CODE_OF_CIVIL_PROCEDURE,_1908.pdf.txt"
"Code of Civil Procedure 1908","rule","Order XLVIII Rule 2","THE_CODE_OF_CIVIL_PROCEDURE,_1908.pdf.txt"
"Code of Civil Procedure 1908","rule","Order XLVIII Rule 3","THE_CODE_OF_CIVIL_PROCEDURE,_1908.pdf.txt"
"Code of Civil Procedure 1908","rule","Order XLIX Rule 1","THE_CODE_OF_CIVIL_PROCEDURE,_1908.pdf.txt"
"Code of Civil Procedure 1908","rule","Order XLIX Rule 2","THE_CODE_OF_CIVIL_PROCEDURE,_1908.pdf.txt"
"Code of Civil Procedure 1908","rule","Order XLIX Rule 3","THE_CODE_OF_CIVIL_PROCEDURE,_1908.pdf.txt"
"Code of Civil Procedure 1908","rule","Order L Rule 1","THE_CODE_OF_CIVIL_PROCEDURE,_1908.pdf.txt"
"Code of Civil Procedure 1908","rule","Order LI Rule 1","THE_CODE_OF_CIVIL_PROCEDURE,_1908.pdf.txt"
"Code of Civil Procedure 1908","rule","Order LI Rule 2","THE_CODE_OF_CIVIL_PROCEDURE,_1908.pdf.txt"
"Code of Civil Procedure 1908","rule","Order LI Rule 3","THE_CODE_OF_CIVIL_PROCEDURE,_1908.pdf.txt"
"Code of Civil Procedure 1908","rule","Order LI Rule 5","THE_CODE_OF_CIVIL_PROCEDURE,_1908.pdf.txt"
"Code of Civil Procedure 1908","rule","Order LI Rule 6","THE_CODE_OF_CIVIL_PROCEDURE,_1908.pdf.txt"
"Code of Civil Procedure 1908","rule","Order LI Rule 7","THE_CODE_OF_CIVIL_PROCEDURE,_1908.pdf.txt"
"Code of Civil Procedure 1908","rule","Order LI Rule 8","THE_CODE_OF_CIVIL_PROCEDURE,_1908.pdf.txt"
"Code of Civil Procedure 1908","rule","Order LI Rule 9","THE_CODE_OF_CIVIL_PROCEDURE,_1908.pdf.txt"
"Code of Civil Procedure 1908","rule","Order LI Rule 1870","THE_CODE_OF_CIVIL_PROCEDURE,_1908.pdf.txt"
"Code of Civil Procedure 1908","rule","Order LI Rule 11","THE_CODE_OF_CIVIL_PROCEDURE,_1908.pdf.txt"
"Code of Civil Procedure 1908","rule","Order LI Rule 12","THE_CODE_OF_CIVIL_PROCEDURE,_1908.pdf.txt"
"Code of Civil Procedure 1908","rule","Order XXXIV Rule 2","THE_CODE_OF_CIVIL_PROCEDURE,_1908.pdf.txt"
"Code of Civil Procedure 1908","rule","Order XXXIV Rule 10","THE_CODE_OF_CIVIL_PROCEDURE,_1908.pdf.txt"
"Code of Civil Procedure 1908","rule","Order XXXIV Rule 15","THE_CODE_OF_CIVIL_PROCEDURE,_1908.pdf.txt"
"Code of Civil Procedure 1908","rule","Order XXXIV Rule 19","THE_CODE_OF_CIVIL_PROCEDURE,_1908.pdf.txt"
"Code of Civil Procedure 1908","rule","Order XLV Rule 1","THE_CODE_OF_CIVIL_PROCEDURE,_1908.pdf.txt"
"Code of Civil Procedure 1908","section","1956","THE_CODE_OF_CIVIL_PROCEDURE,_1908.pdf.txt"
